encounter_id,patient_token,admit_ts,discharge_ts,facility_id
ENC-00001,PT-9711,2025-07-01T01:00:00,2025-07-03T09:00:00,F-011
ENC-00002,PT-5717,2025-07-01T02:00:00,2025-07-01T13:00:00,F-004
ENC-00003,PT-6737,2025-07-01T03:00:00,2025-07-03T20:00:00,F-019
ENC-00004,PT-1369,2025-07-01T04:00:00,2025-07-03T17:00:00,F-012
ENC-00005,PT-3119,2025-07-01T05:00:00,2025-07-02T14:00:00,F-013
ENC-00006,PT-4780,2025-07-01T06:00:00,2025-07-02T03:00:00,F-003
ENC-00007,PT-3987,2025-07-01T07:00:00,2025-07-02T18:00:00,F-010
ENC-00008,PT-3386,2025-07-01T08:00:00,2025-07-03T15:00:00,F-018
ENC-00009,PT-7428,2025-07-01T09:00:00,2025-07-03T13:00:00,F-013
ENC-00010,PT-3478,2025-07-01T10:00:00,2025-07-04T08:00:00,F-004
ENC-00011,PT-6966,2025-07-01T11:00:00,2025-07-04T01:00:00,F-004
ENC-00013,PT-6926,2025-07-01T13:00:00,2025-07-02T09:00:00,F-018
ENC-00014,PT-9652,2025-07-01T14:00:00,2025-07-03T06:00:00,F-003
ENC-00015,PT-4197,2025-07-01T15:00:00,2025-07-02T23:00:00,F-013
ENC-00016,PT-1457,2025-07-01T16:00:00,2025-07-03T05:00:00,F-016
ENC-00017,PT-2673,2025-07-01T17:00:00,2025-07-03T00:00:00,F-016
ENC-00018,PT-1031,2025-07-01T18:00:00,2025-07-04T09:00:00,F-012
ENC-00019,PT-2964,2025-07-01T19:00:00,2025-07-03T22:00:00,F-007
ENC-00020,PT-8624,2025-07-01T20:00:00,2025-07-02T16:00:00,F-020
ENC-00021,PT-4457,2025-07-01T21:00:00,2025-07-02T02:00:00,F-009
ENC-00022,PT-5249,2025-07-01T22:00:00,2025-07-04T21:00:00,F-014
ENC-00023,PT-9466,2025-07-01T23:00:00,2025-07-04T06:00:00,F-017
ENC-00025,PT-3319,2025-07-02T01:00:00,2025-07-04T15:00:00,F-020
ENC-00026,PT-2011,2025-07-02T02:00:00,2025-07-03T21:00:00,F-017
ENC-00027,PT-8262,2025-07-02T03:00:00,2025-07-03T22:00:00,F-020
ENC-00028,PT-9319,2025-07-02T04:00:00,2025-07-03T13:00:00,F-017
ENC-00029,PT-2188,2025-07-02T05:00:00,2025-07-03T13:00:00,F-014
ENC-00030,PT-4484,2025-07-02T06:00:00,2025-07-03T22:00:00,F-004
ENC-00031,PT-4597,2025-07-02T07:00:00,2025-07-02T21:00:00,F-013
ENC-00032,PT-1319,2025-07-02T08:00:00,2025-07-04T05:00:00,F-018
ENC-00033,PT-5455,2025-07-02T09:00:00,2025-07-02T16:00:00,F-006
ENC-00034,PT-9103,2025-07-02T10:00:00,2025-07-04T05:00:00,F-003
ENC-00035,PT-2372,2025-07-02T11:00:00,2025-07-03T17:00:00,F-003
ENC-00037,PT-9632,2025-07-02T13:00:00,2025-07-03T21:00:00,F-004
ENC-00038,PT-5997,2025-07-02T14:00:00,2025-07-05T11:00:00,F-007
ENC-00039,PT-9284,2025-07-02T15:00:00,2025-07-05T15:00:00,F-007
ENC-00040,PT-4254,2025-07-02T16:00:00,2025-07-03T11:00:00,F-013
ENC-00041,PT-9289,2025-07-02T17:00:00,2025-07-04T07:00:00,F-020
ENC-00042,PT-8304,2025-07-02T18:00:00,2025-07-02T20:00:00,F-009
ENC-00043,PT-3997,2025-07-02T19:00:00,2025-07-02T21:00:00,F-011
ENC-00044,PT-1368,2025-07-02T20:00:00,2025-07-04T12:00:00,F-010
ENC-00045,PT-7381,2025-07-02T21:00:00,2025-07-04T16:00:00,F-016
ENC-00046,PT-9404,2025-07-02T22:00:00,2025-07-05T06:00:00,F-017
ENC-00047,PT-4767,2025-07-02T23:00:00,2025-07-03T11:00:00,F-001
ENC-00049,PT-1831,2025-07-03T01:00:00,2025-07-03T05:00:00,F-018
ENC-00050,PT-9240,2025-07-03T02:00:00,2025-07-06T00:00:00,F-003
ENC-00051,PT-8763,2025-07-03T03:00:00,2025-07-04T13:00:00,F-003
ENC-00052,PT-1765,2025-07-03T04:00:00,2025-07-04T07:00:00,F-003
ENC-00053,PT-3186,2025-07-03T05:00:00,2025-07-03T08:00:00,F-016
ENC-00054,PT-8959,2025-07-03T06:00:00,2025-07-04T18:00:00,F-004
ENC-00055,PT-8633,2025-07-03T07:00:00,2025-07-05T20:00:00,F-004
ENC-00056,PT-5744,2025-07-03T08:00:00,2025-07-05T20:00:00,F-003
ENC-00057,PT-5580,2025-07-03T09:00:00,2025-07-04T01:00:00,F-012
ENC-00058,PT-3606,2025-07-03T10:00:00,2025-07-03T12:00:00,F-016
ENC-00059,PT-4207,2025-07-03T11:00:00,2025-07-03T14:00:00,F-010
ENC-00061,PT-5597,2025-07-03T13:00:00,2025-07-04T04:00:00,F-002
ENC-00062,PT-1475,2025-07-03T14:00:00,2025-07-05T19:00:00,F-018
ENC-00063,PT-3270,2025-07-03T15:00:00,2025-07-05T05:00:00,F-016
ENC-00064,PT-3085,2025-07-03T16:00:00,2025-07-04T15:00:00,F-016
ENC-00065,PT-4405,2025-07-03T17:00:00,2025-07-06T11:00:00,F-016
ENC-00066,PT-8002,2025-07-03T18:00:00,2025-07-04T13:00:00,F-018
ENC-00067,PT-6231,2025-07-03T19:00:00,2025-07-05T03:00:00,F-012
ENC-00068,PT-5427,2025-07-03T20:00:00,2025-07-05T17:00:00,F-002
ENC-00069,PT-8304,2025-07-03T21:00:00,2025-07-06T06:00:00,F-010
ENC-00070,PT-3084,2025-07-03T22:00:00,2025-07-04T04:00:00,F-014
ENC-00071,PT-8492,2025-07-03T23:00:00,2025-07-04T11:00:00,F-018
ENC-00073,PT-3058,2025-07-04T01:00:00,2025-07-05T08:00:00,F-019
ENC-00074,PT-5977,2025-07-04T02:00:00,2025-07-04T20:00:00,F-009
ENC-00075,PT-5564,2025-07-04T03:00:00,2025-07-05T21:00:00,F-008
ENC-00076,PT-4715,2025-07-04T04:00:00,2025-07-06T21:00:00,F-002
ENC-00077,PT-9121,2025-07-04T05:00:00,2025-07-05T08:00:00,F-010
ENC-00078,PT-2785,2025-07-04T06:00:00,2025-07-06T23:00:00,F-020
ENC-00079,PT-3398,2025-07-04T07:00:00,2025-07-06T11:00:00,F-002
ENC-00080,PT-1985,2025-07-04T08:00:00,2025-07-05T09:00:00,F-013
ENC-00081,PT-7125,2025-07-04T09:00:00,2025-07-06T05:00:00,F-015
ENC-00082,PT-7884,2025-07-04T10:00:00,2025-07-05T03:00:00,F-018
ENC-00083,PT-2437,2025-07-04T11:00:00,2025-07-04T19:00:00,F-016
ENC-00085,PT-5210,2025-07-04T13:00:00,2025-07-05T15:00:00,F-003
ENC-00086,PT-5515,2025-07-04T14:00:00,2025-07-06T06:00:00,F-001
ENC-00087,PT-1397,2025-07-04T15:00:00,2025-07-05T22:00:00,F-004
ENC-00088,PT-3479,2025-07-04T16:00:00,2025-07-06T00:00:00,F-011
ENC-00089,PT-7680,2025-07-04T17:00:00,2025-07-05T03:00:00,F-002
ENC-00090,PT-3837,2025-07-04T18:00:00,2025-07-06T01:00:00,F-005
ENC-00091,PT-4263,2025-07-04T19:00:00,2025-07-07T05:00:00,F-008
ENC-00092,PT-4084,2025-07-04T20:00:00,2025-07-06T15:00:00,F-003
ENC-00093,PT-7125,2025-07-04T21:00:00,2025-07-05T04:00:00,F-010
ENC-00094,PT-4181,2025-07-04T22:00:00,2025-07-05T09:00:00,F-012
ENC-00095,PT-2733,2025-07-04T23:00:00,2025-07-06T21:00:00,F-007
ENC-00097,PT-1186,2025-07-05T01:00:00,2025-07-06T20:00:00,F-014
ENC-00098,PT-7476,2025-07-05T02:00:00,2025-07-08T02:00:00,F-005
ENC-00099,PT-3681,2025-07-05T03:00:00,2025-07-07T07:00:00,F-009
ENC-00100,PT-4230,2025-07-05T04:00:00,2025-07-07T08:00:00,F-013
ENC-00101,PT-2482,2025-07-05T05:00:00,2025-07-07T10:00:00,F-019
ENC-00102,PT-2458,2025-07-05T06:00:00,2025-07-07T07:00:00,F-017
ENC-00103,PT-2099,2025-07-05T07:00:00,2025-07-05T22:00:00,F-013
ENC-00104,PT-4638,2025-07-05T08:00:00,2025-07-07T13:00:00,F-020
ENC-00105,PT-9485,2025-07-05T09:00:00,2025-07-06T07:00:00,F-013
ENC-00106,PT-6311,2025-07-05T10:00:00,2025-07-06T03:00:00,F-013
ENC-00107,PT-9019,2025-07-05T11:00:00,2025-07-08T00:00:00,F-008
ENC-00109,PT-1666,2025-07-05T13:00:00,2025-07-06T07:00:00,F-003
ENC-00110,PT-2795,2025-07-05T14:00:00,2025-07-06T16:00:00,F-005
ENC-00111,PT-3352,2025-07-05T15:00:00,2025-07-07T01:00:00,F-017
ENC-00112,PT-7174,2025-07-05T16:00:00,2025-07-06T15:00:00,F-009
ENC-00113,PT-9695,2025-07-05T17:00:00,2025-07-06T01:00:00,F-012
ENC-00114,PT-3395,2025-07-05T18:00:00,2025-07-07T18:00:00,F-011
ENC-00115,PT-8246,2025-07-05T19:00:00,2025-07-07T02:00:00,F-006
ENC-00116,PT-5855,2025-07-05T20:00:00,2025-07-08T16:00:00,F-009
ENC-00117,PT-7843,2025-07-05T21:00:00,2025-07-08T16:00:00,F-012
ENC-00118,PT-3163,2025-07-05T22:00:00,2025-07-08T14:00:00,F-008
ENC-00119,PT-1365,2025-07-05T23:00:00,2025-07-06T07:00:00,F-001
ENC-00121,PT-3370,2025-07-06T01:00:00,2025-07-07T13:00:00,F-013
ENC-00122,PT-9074,2025-07-06T02:00:00,2025-07-07T11:00:00,F-006
ENC-00123,PT-1720,2025-07-06T03:00:00,2025-07-06T12:00:00,F-018
ENC-00124,PT-7651,2025-07-06T04:00:00,2025-07-07T05:00:00,F-008
ENC-00125,PT-4231,2025-07-06T05:00:00,2025-07-07T01:00:00,F-014
ENC-00126,PT-3861,2025-07-06T06:00:00,2025-07-09T01:00:00,F-010
ENC-00127,PT-5919,2025-07-06T07:00:00,2025-07-06T15:00:00,F-016
ENC-00128,PT-7146,2025-07-06T08:00:00,2025-07-08T17:00:00,F-015
ENC-00129,PT-8413,2025-07-06T09:00:00,2025-07-07T09:00:00,F-008
ENC-00130,PT-5283,2025-07-06T10:00:00,2025-07-07T17:00:00,F-002
ENC-00131,PT-6497,2025-07-06T11:00:00,2025-07-07T22:00:00,F-002
ENC-00133,PT-9313,2025-07-06T13:00:00,2025-07-06T16:00:00,F-006
ENC-00134,PT-4918,2025-07-06T14:00:00,2025-07-08T16:00:00,F-018
ENC-00135,PT-3810,2025-07-06T15:00:00,2025-07-07T11:00:00,F-002
ENC-00136,PT-2833,2025-07-06T16:00:00,2025-07-07T07:00:00,F-020
ENC-00137,PT-1682,2025-07-06T17:00:00,2025-07-07T12:00:00,F-002
ENC-00138,PT-1764,2025-07-06T18:00:00,2025-07-07T04:00:00,F-019
ENC-00139,PT-1554,2025-07-06T19:00:00,2025-07-07T01:00:00,F-003
ENC-00140,PT-6749,2025-07-06T20:00:00,2025-07-08T06:00:00,F-010
ENC-00141,PT-7029,2025-07-06T21:00:00,2025-07-08T16:00:00,F-020
ENC-00142,PT-2489,2025-07-06T22:00:00,2025-07-08T12:00:00,F-006
ENC-00143,PT-5269,2025-07-06T23:00:00,2025-07-07T21:00:00,F-010
ENC-00145,PT-5966,2025-07-07T01:00:00,2025-07-08T12:00:00,F-014
ENC-00146,PT-3078,2025-07-07T02:00:00,2025-07-10T00:00:00,F-020
ENC-00147,PT-6709,2025-07-07T03:00:00,2025-07-08T22:00:00,F-017
ENC-00148,PT-8588,2025-07-07T04:00:00,2025-07-09T14:00:00,F-009
ENC-00149,PT-9318,2025-07-07T05:00:00,2025-07-08T07:00:00,F-009
ENC-00150,PT-6375,2025-07-07T06:00:00,2025-07-08T08:00:00,F-009
ENC-00151,PT-3696,2025-07-07T07:00:00,2025-07-07T22:00:00,F-007
ENC-00152,PT-1206,2025-07-07T08:00:00,2025-07-09T13:00:00,F-014
ENC-00153,PT-3323,2025-07-07T09:00:00,2025-07-08T19:00:00,F-020
ENC-00154,PT-8436,2025-07-07T10:00:00,2025-07-09T19:00:00,F-011
ENC-00155,PT-1322,2025-07-07T11:00:00,2025-07-09T17:00:00,F-017
ENC-00157,PT-1624,2025-07-07T13:00:00,2025-07-08T23:00:00,F-018
ENC-00158,PT-9506,2025-07-07T14:00:00,2025-07-09T12:00:00,F-004
ENC-00159,PT-3005,2025-07-07T15:00:00,2025-07-09T14:00:00,F-002
ENC-00160,PT-5344,2025-07-07T16:00:00,2025-07-08T07:00:00,F-008
ENC-00161,PT-4164,2025-07-07T17:00:00,2025-07-10T07:00:00,F-018
ENC-00162,PT-8669,2025-07-07T18:00:00,2025-07-09T09:00:00,F-018
ENC-00163,PT-7162,2025-07-07T19:00:00,2025-07-09T05:00:00,F-014
ENC-00164,PT-6865,2025-07-07T20:00:00,2025-07-09T05:00:00,F-010
ENC-00165,PT-1934,2025-07-07T21:00:00,2025-07-08T09:00:00,F-019
ENC-00166,PT-5800,2025-07-07T22:00:00,2025-07-09T08:00:00,F-020
ENC-00167,PT-3338,2025-07-07T23:00:00,2025-07-09T06:00:00,F-006
ENC-00169,PT-2916,2025-07-08T01:00:00,2025-07-08T18:00:00,F-009
ENC-00170,PT-3627,2025-07-08T02:00:00,2025-07-09T21:00:00,F-015
ENC-00171,PT-2539,2025-07-08T03:00:00,2025-07-10T22:00:00,F-016
ENC-00172,PT-5655,2025-07-08T04:00:00,2025-07-10T13:00:00,F-011
ENC-00173,PT-9064,2025-07-08T05:00:00,2025-07-08T22:00:00,F-011
ENC-00174,PT-1656,2025-07-08T06:00:00,2025-07-10T11:00:00,F-018
ENC-00175,PT-9907,2025-07-08T07:00:00,2025-07-10T09:00:00,F-020
ENC-00176,PT-8501,2025-07-08T08:00:00,2025-07-09T08:00:00,F-004
ENC-00177,PT-7043,2025-07-08T09:00:00,2025-07-09T04:00:00,F-010
ENC-00178,PT-9155,2025-07-08T10:00:00,2025-07-11T06:00:00,F-002
ENC-00179,PT-7898,2025-07-08T11:00:00,2025-07-10T16:00:00,F-015
ENC-00181,PT-7342,2025-07-08T13:00:00,2025-07-09T10:00:00,F-016
ENC-00182,PT-2988,2025-07-08T14:00:00,2025-07-09T08:00:00,F-016
ENC-00183,PT-5512,2025-07-08T15:00:00,2025-07-10T00:00:00,F-015
ENC-00184,PT-2381,2025-07-08T16:00:00,2025-07-10T07:00:00,F-018
ENC-00185,PT-3719,2025-07-08T17:00:00,2025-07-11T09:00:00,F-020
ENC-00186,PT-6181,2025-07-08T18:00:00,2025-07-10T19:00:00,F-019
ENC-00187,PT-6470,2025-07-08T19:00:00,2025-07-10T10:00:00,F-009
ENC-00188,PT-6440,2025-07-08T20:00:00,2025-07-08T23:00:00,F-005
ENC-00189,PT-8393,2025-07-08T21:00:00,2025-07-10T11:00:00,F-001
ENC-00190,PT-3408,2025-07-08T22:00:00,2025-07-10T11:00:00,F-018
ENC-00191,PT-4384,2025-07-08T23:00:00,2025-07-10T09:00:00,F-019
ENC-00193,PT-4099,2025-07-09T01:00:00,2025-07-10T06:00:00,F-007
ENC-00194,PT-3960,2025-07-09T02:00:00,2025-07-10T17:00:00,F-012
ENC-00195,PT-7089,2025-07-09T03:00:00,2025-07-11T16:00:00,F-003
ENC-00196,PT-1337,2025-07-09T04:00:00,2025-07-09T18:00:00,F-002
ENC-00197,PT-5584,2025-07-09T05:00:00,2025-07-11T13:00:00,F-004
ENC-00198,PT-8508,2025-07-09T06:00:00,2025-07-11T22:00:00,F-003
ENC-00199,PT-4852,2025-07-09T07:00:00,2025-07-10T13:00:00,F-006
ENC-00200,PT-5192,2025-07-09T08:00:00,2025-07-11T07:00:00,F-002
ENC-00201,PT-1770,2025-07-09T09:00:00,2025-07-10T20:00:00,F-017
ENC-00202,PT-7089,2025-07-09T10:00:00,2025-07-10T20:00:00,F-013
ENC-00203,PT-7143,2025-07-09T11:00:00,2025-07-12T02:00:00,F-013
ENC-00205,PT-1356,2025-07-09T13:00:00,2025-07-10T00:00:00,F-015
ENC-00206,PT-8395,2025-07-09T14:00:00,2025-07-12T14:00:00,F-005
ENC-00207,PT-8904,2025-07-09T15:00:00,2025-07-10T07:00:00,F-005
ENC-00208,PT-4459,2025-07-09T16:00:00,2025-07-12T07:00:00,F-010
ENC-00209,PT-5223,2025-07-09T17:00:00,2025-07-10T20:00:00,F-012
ENC-00210,PT-9319,2025-07-09T18:00:00,2025-07-11T15:00:00,F-017
ENC-00211,PT-5692,2025-07-09T19:00:00,2025-07-10T20:00:00,F-012
ENC-00212,PT-9117,2025-07-09T20:00:00,2025-07-11T09:00:00,F-006
ENC-00213,PT-6046,2025-07-09T21:00:00,2025-07-11T00:00:00,F-001
ENC-00214,PT-9512,2025-07-09T22:00:00,2025-07-12T04:00:00,F-002
ENC-00215,PT-3183,2025-07-09T23:00:00,2025-07-11T11:00:00,F-008
ENC-00217,PT-5009,2025-07-10T01:00:00,2025-07-11T20:00:00,F-013
ENC-00218,PT-5776,2025-07-10T02:00:00,2025-07-10T17:00:00,F-016
ENC-00219,PT-1492,2025-07-10T03:00:00,2025-07-10T07:00:00,F-004
ENC-00220,PT-8601,2025-07-10T04:00:00,2025-07-13T00:00:00,F-008
ENC-00221,PT-7646,2025-07-10T05:00:00,2025-07-11T00:00:00,F-018
ENC-00222,PT-3692,2025-07-10T06:00:00,2025-07-10T10:00:00,F-013
ENC-00223,PT-6253,2025-07-10T07:00:00,2025-07-12T12:00:00,F-018
ENC-00224,PT-6322,2025-07-10T08:00:00,2025-07-13T04:00:00,F-005
ENC-00225,PT-8094,2025-07-10T09:00:00,2025-07-11T12:00:00,F-017
ENC-00226,PT-4694,2025-07-10T10:00:00,2025-07-11T05:00:00,F-014
ENC-00227,PT-2646,2025-07-10T11:00:00,2025-07-11T21:00:00,F-004
ENC-00229,PT-9746,2025-07-10T13:00:00,2025-07-11T09:00:00,F-015
ENC-00230,PT-9382,2025-07-10T14:00:00,2025-07-11T08:00:00,F-010
ENC-00231,PT-8551,2025-07-10T15:00:00,2025-07-13T15:00:00,F-010
ENC-00232,PT-6307,2025-07-10T16:00:00,2025-07-12T11:00:00,F-016
ENC-00233,PT-8208,2025-07-10T17:00:00,2025-07-11T02:00:00,F-017
ENC-00234,PT-5534,2025-07-10T18:00:00,2025-07-13T14:00:00,F-004
ENC-00235,PT-3451,2025-07-10T19:00:00,2025-07-13T02:00:00,F-009
ENC-00236,PT-7218,2025-07-10T20:00:00,2025-07-13T07:00:00,F-015
ENC-00237,PT-7236,2025-07-10T21:00:00,2025-07-13T07:00:00,F-010
ENC-00238,PT-7176,2025-07-10T22:00:00,2025-07-12T05:00:00,F-003
ENC-00239,PT-1419,2025-07-10T23:00:00,2025-07-11T07:00:00,F-009
ENC-00241,PT-3526,2025-07-11T01:00:00,2025-07-12T03:00:00,F-014
ENC-00242,PT-6089,2025-07-11T02:00:00,2025-07-13T21:00:00,F-006
ENC-00243,PT-5831,2025-07-11T03:00:00,2025-07-13T00:00:00,F-017
ENC-00244,PT-7740,2025-07-11T04:00:00,2025-07-11T07:00:00,F-001
ENC-00245,PT-9156,2025-07-11T05:00:00,2025-07-14T05:00:00,F-019
ENC-00246,PT-9347,2025-07-11T06:00:00,2025-07-11T21:00:00,F-001
ENC-00247,PT-2247,2025-07-11T07:00:00,2025-07-12T06:00:00,F-017
ENC-00248,PT-2629,2025-07-11T08:00:00,2025-07-11T18:00:00,F-012
ENC-00249,PT-7487,2025-07-11T09:00:00,2025-07-11T16:00:00,F-015
ENC-00250,PT-4904,2025-07-11T10:00:00,2025-07-12T19:00:00,F-008
ENC-00251,PT-3611,2025-07-11T11:00:00,2025-07-12T11:00:00,F-011
ENC-00253,PT-1367,2025-07-11T13:00:00,2025-07-12T22:00:00,F-003
ENC-00254,PT-7488,2025-07-11T14:00:00,2025-07-13T14:00:00,F-004
ENC-00255,PT-5013,2025-07-11T15:00:00,2025-07-13T18:00:00,F-007
ENC-00256,PT-8263,2025-07-11T16:00:00,2025-07-14T05:00:00,F-008
ENC-00257,PT-4408,2025-07-11T17:00:00,2025-07-13T09:00:00,F-016
ENC-00258,PT-8214,2025-07-11T18:00:00,2025-07-13T19:00:00,F-018
ENC-00259,PT-9405,2025-07-11T19:00:00,2025-07-12T08:00:00,F-018
ENC-00260,PT-4793,2025-07-11T20:00:00,2025-07-13T15:00:00,F-007
ENC-00261,PT-2115,2025-07-11T21:00:00,2025-07-13T21:00:00,F-017
ENC-00262,PT-6831,2025-07-11T22:00:00,2025-07-14T03:00:00,F-015
ENC-00263,PT-7759,2025-07-11T23:00:00,2025-07-12T04:00:00,F-015
ENC-00265,PT-4245,2025-07-12T01:00:00,2025-07-13T17:00:00,F-005
ENC-00266,PT-6718,2025-07-12T02:00:00,2025-07-12T04:00:00,F-004
ENC-00267,PT-4442,2025-07-12T03:00:00,2025-07-14T01:00:00,F-003
ENC-00268,PT-9333,2025-07-12T04:00:00,2025-07-12T12:00:00,F-007
ENC-00269,PT-9911,2025-07-12T05:00:00,2025-07-13T16:00:00,F-008
ENC-00270,PT-3753,2025-07-12T06:00:00,2025-07-14T05:00:00,F-012
ENC-00271,PT-5904,2025-07-12T07:00:00,2025-07-13T02:00:00,F-005
ENC-00272,PT-3772,2025-07-12T08:00:00,2025-07-13T05:00:00,F-020
ENC-00273,PT-8340,2025-07-12T09:00:00,2025-07-13T01:00:00,F-006
ENC-00274,PT-2375,2025-07-12T10:00:00,2025-07-14T06:00:00,F-019
ENC-00275,PT-2490,2025-07-12T11:00:00,2025-07-14T01:00:00,F-020
ENC-00277,PT-6352,2025-07-12T13:00:00,2025-07-14T15:00:00,F-006
ENC-00278,PT-7606,2025-07-12T14:00:00,2025-07-12T22:00:00,F-007
ENC-00279,PT-2469,2025-07-12T15:00:00,2025-07-12T22:00:00,F-015
ENC-00280,PT-7901,2025-07-12T16:00:00,2025-07-14T13:00:00,F-003
ENC-00281,PT-6303,2025-07-12T17:00:00,2025-07-15T13:00:00,F-015
ENC-00282,PT-7899,2025-07-12T18:00:00,2025-07-14T19:00:00,F-016
ENC-00283,PT-4094,2025-07-12T19:00:00,2025-07-14T01:00:00,F-015
ENC-00284,PT-3407,2025-07-12T20:00:00,2025-07-14T21:00:00,F-018
ENC-00285,PT-2555,2025-07-12T21:00:00,2025-07-13T23:00:00,F-017
ENC-00286,PT-2314,2025-07-12T22:00:00,2025-07-15T04:00:00,F-003
ENC-00287,PT-8784,2025-07-12T23:00:00,2025-07-13T12:00:00,F-005
ENC-00289,PT-1190,2025-07-13T01:00:00,2025-07-14T11:00:00,F-004
ENC-00290,PT-9011,2025-07-13T02:00:00,2025-07-13T09:00:00,F-020
ENC-00291,PT-5171,2025-07-13T03:00:00,2025-07-15T02:00:00,F-007
ENC-00292,PT-3363,2025-07-13T04:00:00,2025-07-14T14:00:00,F-018
ENC-00293,PT-2222,2025-07-13T05:00:00,2025-07-14T06:00:00,F-020
ENC-00294,PT-3145,2025-07-13T06:00:00,2025-07-13T13:00:00,F-007
ENC-00295,PT-7355,2025-07-13T07:00:00,2025-07-15T06:00:00,F-011
ENC-00296,PT-6496,2025-07-13T08:00:00,2025-07-15T23:00:00,F-011
ENC-00297,PT-1743,2025-07-13T09:00:00,2025-07-14T05:00:00,F-005
ENC-00298,PT-1558,2025-07-13T10:00:00,2025-07-14T00:00:00,F-007
ENC-00299,PT-9337,2025-07-13T11:00:00,2025-07-14T20:00:00,F-012
ENC-00301,PT-2204,2025-07-13T13:00:00,2025-07-14T15:00:00,F-019
ENC-00302,PT-3928,2025-07-13T14:00:00,2025-07-15T06:00:00,F-019
ENC-00303,PT-5519,2025-07-13T15:00:00,2025-07-15T01:00:00,F-018
ENC-00304,PT-3696,2025-07-13T16:00:00,2025-07-15T04:00:00,F-008
ENC-00305,PT-4576,2025-07-13T17:00:00,2025-07-14T01:00:00,F-013
ENC-00306,PT-6589,2025-07-13T18:00:00,2025-07-14T13:00:00,F-001
ENC-00307,PT-1451,2025-07-13T19:00:00,2025-07-15T00:00:00,F-011
ENC-00308,PT-2428,2025-07-13T20:00:00,2025-07-15T16:00:00,F-016
ENC-00309,PT-3567,2025-07-13T21:00:00,2025-07-14T10:00:00,F-001
ENC-00310,PT-6862,2025-07-13T22:00:00,2025-07-15T22:00:00,F-014
ENC-00311,PT-5224,2025-07-13T23:00:00,2025-07-16T14:00:00,F-002
ENC-00313,PT-1457,2025-07-14T01:00:00,2025-07-14T20:00:00,F-004
ENC-00314,PT-9900,2025-07-14T02:00:00,2025-07-16T20:00:00,F-007
ENC-00315,PT-3907,2025-07-14T03:00:00,2025-07-15T01:00:00,F-017
ENC-00316,PT-6747,2025-07-14T04:00:00,2025-07-15T13:00:00,F-015
ENC-00317,PT-6745,2025-07-14T05:00:00,2025-07-14T14:00:00,F-008
ENC-00318,PT-5565,2025-07-14T06:00:00,2025-07-15T22:00:00,F-016
ENC-00319,PT-3236,2025-07-14T07:00:00,2025-07-15T23:00:00,F-010
ENC-00320,PT-6431,2025-07-14T08:00:00,2025-07-14T10:00:00,F-016
ENC-00321,PT-4474,2025-07-14T09:00:00,2025-07-14T17:00:00,F-007
ENC-00322,PT-1400,2025-07-14T10:00:00,2025-07-15T02:00:00,F-005
ENC-00323,PT-3185,2025-07-14T11:00:00,2025-07-16T03:00:00,F-005
ENC-00325,PT-8053,2025-07-14T13:00:00,2025-07-15T04:00:00,F-001
ENC-00326,PT-6185,2025-07-14T14:00:00,2025-07-15T00:00:00,F-004
ENC-00327,PT-8984,2025-07-14T15:00:00,2025-07-15T10:00:00,F-017
ENC-00328,PT-4669,2025-07-14T16:00:00,2025-07-15T03:00:00,F-009
ENC-00329,PT-4218,2025-07-14T17:00:00,2025-07-17T12:00:00,F-002
ENC-00330,PT-7541,2025-07-14T18:00:00,2025-07-17T02:00:00,F-011
ENC-00331,PT-7176,2025-07-14T19:00:00,2025-07-16T03:00:00,F-007
ENC-00332,PT-2422,2025-07-14T20:00:00,2025-07-15T02:00:00,F-002
ENC-00333,PT-4840,2025-07-14T21:00:00,2025-07-16T23:00:00,F-012
ENC-00334,PT-7447,2025-07-14T22:00:00,2025-07-17T19:00:00,F-009
ENC-00335,PT-6697,2025-07-14T23:00:00,2025-07-17T19:00:00,F-019
ENC-00337,PT-3015,2025-07-15T01:00:00,2025-07-17T07:00:00,F-005
ENC-00338,PT-7480,2025-07-15T02:00:00,2025-07-16T17:00:00,F-015
ENC-00339,PT-8361,2025-07-15T03:00:00,2025-07-17T18:00:00,F-006
ENC-00340,PT-4893,2025-07-15T04:00:00,2025-07-17T05:00:00,F-017
ENC-00341,PT-9923,2025-07-15T05:00:00,2025-07-16T18:00:00,F-011
ENC-00342,PT-5758,2025-07-15T06:00:00,2025-07-17T07:00:00,F-002
ENC-00343,PT-4139,2025-07-15T07:00:00,2025-07-17T08:00:00,F-003
ENC-00344,PT-7216,2025-07-15T08:00:00,2025-07-17T12:00:00,F-017
ENC-00345,PT-8206,2025-07-15T09:00:00,2025-07-17T13:00:00,F-016
ENC-00346,PT-4280,2025-07-15T10:00:00,2025-07-17T15:00:00,F-018
ENC-00347,PT-5816,2025-07-15T11:00:00,2025-07-18T11:00:00,F-011
ENC-00349,PT-3384,2025-07-15T13:00:00,2025-07-17T08:00:00,F-011
ENC-00350,PT-5500,2025-07-15T14:00:00,2025-07-18T10:00:00,F-009
ENC-00351,PT-6128,2025-07-15T15:00:00,2025-07-17T18:00:00,F-009
ENC-00352,PT-9840,2025-07-15T16:00:00,2025-07-17T02:00:00,F-010
ENC-00353,PT-8605,2025-07-15T17:00:00,2025-07-18T09:00:00,F-019
ENC-00354,PT-1838,2025-07-15T18:00:00,2025-07-17T12:00:00,F-001
ENC-00355,PT-7699,2025-07-15T19:00:00,2025-07-17T14:00:00,F-002
ENC-00356,PT-4340,2025-07-15T20:00:00,2025-07-17T00:00:00,F-002
ENC-00357,PT-2178,2025-07-15T21:00:00,2025-07-18T14:00:00,F-006
ENC-00358,PT-3689,2025-07-15T22:00:00,2025-07-18T15:00:00,F-008
ENC-00359,PT-1824,2025-07-15T23:00:00,2025-07-18T06:00:00,F-008
ENC-00361,PT-6071,2025-07-16T01:00:00,2025-07-17T12:00:00,F-011
ENC-00362,PT-7414,2025-07-16T02:00:00,2025-07-16T08:00:00,F-011
ENC-00363,PT-6764,2025-07-16T03:00:00,2025-07-16T20:00:00,F-007
ENC-00364,PT-5763,2025-07-16T04:00:00,2025-07-18T20:00:00,F-012
ENC-00365,PT-9135,2025-07-16T05:00:00,2025-07-16T18:00:00,F-007
ENC-00366,PT-2649,2025-07-16T06:00:00,2025-07-16T08:00:00,F-012
ENC-00367,PT-6738,2025-07-16T07:00:00,2025-07-18T18:00:00,F-016
ENC-00368,PT-2137,2025-07-16T08:00:00,2025-07-18T20:00:00,F-004
ENC-00369,PT-3643,2025-07-16T09:00:00,2025-07-18T13:00:00,F-015
ENC-00370,PT-1552,2025-07-16T10:00:00,2025-07-16T17:00:00,F-017
ENC-00371,PT-7766,2025-07-16T11:00:00,2025-07-17T05:00:00,F-014
ENC-00373,PT-8868,2025-07-16T13:00:00,2025-07-18T05:00:00,F-005
ENC-00374,PT-8664,2025-07-16T14:00:00,2025-07-17T23:00:00,F-006
ENC-00375,PT-9303,2025-07-16T15:00:00,2025-07-18T01:00:00,F-012
ENC-00376,PT-4930,2025-07-16T16:00:00,2025-07-19T14:00:00,F-017
ENC-00377,PT-4455,2025-07-16T17:00:00,2025-07-18T00:00:00,F-003
ENC-00378,PT-7443,2025-07-16T18:00:00,2025-07-19T14:00:00,F-004
ENC-00379,PT-2018,2025-07-16T19:00:00,2025-07-18T04:00:00,F-003
ENC-00380,PT-3995,2025-07-16T20:00:00,2025-07-16T23:00:00,F-011
ENC-00381,PT-2095,2025-07-16T21:00:00,2025-07-16T23:00:00,F-016
ENC-00382,PT-9148,2025-07-16T22:00:00,2025-07-19T19:00:00,F-011
ENC-00383,PT-2026,2025-07-16T23:00:00,2025-07-18T02:00:00,F-002
ENC-00385,PT-8637,2025-07-17T01:00:00,2025-07-18T00:00:00,F-014
ENC-00386,PT-4877,2025-07-17T02:00:00,2025-07-19T19:00:00,F-019
ENC-00387,PT-7422,2025-07-17T03:00:00,2025-07-19T07:00:00,F-011
ENC-00388,PT-8788,2025-07-17T04:00:00,2025-07-19T11:00:00,F-014
ENC-00389,PT-5786,2025-07-17T05:00:00,2025-07-19T01:00:00,F-003
ENC-00390,PT-7154,2025-07-17T06:00:00,2025-07-18T07:00:00,F-013
ENC-00391,PT-6055,2025-07-17T07:00:00,2025-07-20T00:00:00,F-011
ENC-00392,PT-2699,2025-07-17T08:00:00,2025-07-18T17:00:00,F-015
ENC-00393,PT-7816,2025-07-17T09:00:00,2025-07-17T20:00:00,F-017
ENC-00394,PT-9161,2025-07-17T10:00:00,2025-07-20T03:00:00,F-012
ENC-00395,PT-1933,2025-07-17T11:00:00,2025-07-18T04:00:00,F-018
ENC-00397,PT-7426,2025-07-17T13:00:00,2025-07-18T13:00:00,F-019
ENC-00398,PT-9077,2025-07-17T14:00:00,2025-07-19T14:00:00,F-009
ENC-00399,PT-2010,2025-07-17T15:00:00,2025-07-18T13:00:00,F-010
ENC-00400,PT-6900,2025-07-17T16:00:00,2025-07-18T17:00:00,F-009
ENC-00401,PT-6236,2025-07-17T17:00:00,2025-07-19T20:00:00,F-016
ENC-00402,PT-1720,2025-07-17T18:00:00,2025-07-18T15:00:00,F-009
ENC-00403,PT-5255,2025-07-17T19:00:00,2025-07-20T06:00:00,F-001
ENC-00404,PT-9719,2025-07-17T20:00:00,2025-07-19T13:00:00,F-012
ENC-00405,PT-2823,2025-07-17T21:00:00,2025-07-19T14:00:00,F-006
ENC-00406,PT-7553,2025-07-17T22:00:00,2025-07-20T02:00:00,F-016
ENC-00407,PT-3188,2025-07-17T23:00:00,2025-07-19T04:00:00,F-011
ENC-00409,PT-9201,2025-07-18T01:00:00,2025-07-18T18:00:00,F-010
ENC-00410,PT-7241,2025-07-18T02:00:00,2025-07-19T16:00:00,F-005
ENC-00411,PT-2288,2025-07-18T03:00:00,2025-07-20T03:00:00,F-001
ENC-00412,PT-2996,2025-07-18T04:00:00,2025-07-19T23:00:00,F-007
ENC-00413,PT-8499,2025-07-18T05:00:00,2025-07-19T00:00:00,F-015
ENC-00414,PT-2811,2025-07-18T06:00:00,2025-07-20T21:00:00,F-008
ENC-00415,PT-9799,2025-07-18T07:00:00,2025-07-18T12:00:00,F-008
ENC-00416,PT-2033,2025-07-18T08:00:00,2025-07-19T21:00:00,F-003
ENC-00417,PT-7555,2025-07-18T09:00:00,2025-07-20T12:00:00,F-017
ENC-00418,PT-8437,2025-07-18T10:00:00,2025-07-20T22:00:00,F-007
ENC-00419,PT-8186,2025-07-18T11:00:00,2025-07-19T14:00:00,F-007
ENC-00421,PT-6798,2025-07-18T13:00:00,2025-07-19T17:00:00,F-014
ENC-00422,PT-9810,2025-07-18T14:00:00,2025-07-20T01:00:00,F-018
ENC-00423,PT-7897,2025-07-18T15:00:00,2025-07-18T20:00:00,F-015
ENC-00424,PT-6618,2025-07-18T16:00:00,2025-07-19T07:00:00,F-005
ENC-00425,PT-2783,2025-07-18T17:00:00,2025-07-21T14:00:00,F-019
ENC-00426,PT-8155,2025-07-18T18:00:00,2025-07-20T21:00:00,F-006
ENC-00427,PT-9752,2025-07-18T19:00:00,2025-07-19T06:00:00,F-011
ENC-00428,PT-2704,2025-07-18T20:00:00,2025-07-19T10:00:00,F-019
ENC-00429,PT-2106,2025-07-18T21:00:00,2025-07-19T05:00:00,F-016
ENC-00430,PT-8693,2025-07-18T22:00:00,2025-07-21T12:00:00,F-020
ENC-00431,PT-4909,2025-07-18T23:00:00,2025-07-20T06:00:00,F-001
ENC-00433,PT-7778,2025-07-19T01:00:00,2025-07-20T12:00:00,F-002
ENC-00434,PT-2582,2025-07-19T02:00:00,2025-07-20T03:00:00,F-005
ENC-00435,PT-1037,2025-07-19T03:00:00,2025-07-19T14:00:00,F-001
ENC-00436,PT-9232,2025-07-19T04:00:00,2025-07-22T02:00:00,F-003
ENC-00437,PT-9936,2025-07-19T05:00:00,2025-07-20T20:00:00,F-015
ENC-00438,PT-2414,2025-07-19T06:00:00,2025-07-22T05:00:00,F-017
ENC-00439,PT-3421,2025-07-19T07:00:00,2025-07-22T00:00:00,F-020
ENC-00440,PT-4454,2025-07-19T08:00:00,2025-07-19T20:00:00,F-001
ENC-00441,PT-1501,2025-07-19T09:00:00,2025-07-20T04:00:00,F-014
ENC-00442,PT-3946,2025-07-19T10:00:00,2025-07-21T01:00:00,F-015
ENC-00443,PT-3669,2025-07-19T11:00:00,2025-07-22T01:00:00,F-020
ENC-00445,PT-7963,2025-07-19T13:00:00,2025-07-21T10:00:00,F-012
ENC-00446,PT-9802,2025-07-19T14:00:00,2025-07-20T07:00:00,F-015
ENC-00447,PT-5013,2025-07-19T15:00:00,2025-07-21T21:00:00,F-017
ENC-00448,PT-4479,2025-07-19T16:00:00,2025-07-20T21:00:00,F-010
ENC-00449,PT-5262,2025-07-19T17:00:00,2025-07-22T02:00:00,F-004
ENC-00450,PT-7404,2025-07-19T18:00:00,2025-07-21T03:00:00,F-011
ENC-00451,PT-3326,2025-07-19T19:00:00,2025-07-20T05:00:00,F-020
ENC-00452,PT-7408,2025-07-19T20:00:00,2025-07-21T12:00:00,F-003
ENC-00453,PT-2096,2025-07-19T21:00:00,2025-07-22T19:00:00,F-001
ENC-00454,PT-6922,2025-07-19T22:00:00,2025-07-20T09:00:00,F-005
ENC-00455,PT-9088,2025-07-19T23:00:00,2025-07-22T18:00:00,F-009
ENC-00457,PT-6111,2025-07-20T01:00:00,2025-07-21T12:00:00,F-006
ENC-00458,PT-3353,2025-07-20T02:00:00,2025-07-22T17:00:00,F-004
ENC-00459,PT-7275,2025-07-20T03:00:00,2025-07-21T13:00:00,F-003
ENC-00460,PT-6822,2025-07-20T04:00:00,2025-07-22T04:00:00,F-018
ENC-00461,PT-7000,2025-07-20T05:00:00,2025-07-21T04:00:00,F-017
ENC-00462,PT-5068,2025-07-20T06:00:00,2025-07-21T05:00:00,F-010
ENC-00463,PT-7051,2025-07-20T07:00:00,2025-07-21T15:00:00,F-010
ENC-00464,PT-8742,2025-07-20T08:00:00,2025-07-22T18:00:00,F-016
ENC-00465,PT-2800,2025-07-20T09:00:00,2025-07-22T21:00:00,F-018
ENC-00466,PT-6546,2025-07-20T10:00:00,2025-07-20T19:00:00,F-003
ENC-00467,PT-2803,2025-07-20T11:00:00,2025-07-20T20:00:00,F-014
ENC-00469,PT-2662,2025-07-20T13:00:00,2025-07-21T01:00:00,F-016
ENC-00470,PT-4364,2025-07-20T14:00:00,2025-07-22T03:00:00,F-012
ENC-00471,PT-2961,2025-07-20T15:00:00,2025-07-23T05:00:00,F-016
ENC-00472,PT-9800,2025-07-20T16:00:00,2025-07-21T23:00:00,F-016
ENC-00473,PT-1684,2025-07-20T17:00:00,2025-07-22T18:00:00,F-006
ENC-00474,PT-8362,2025-07-20T18:00:00,2025-07-21T23:00:00,F-002
ENC-00475,PT-1410,2025-07-20T19:00:00,2025-07-21T18:00:00,F-001
ENC-00476,PT-4152,2025-07-20T20:00:00,2025-07-23T10:00:00,F-007
ENC-00477,PT-7126,2025-07-20T21:00:00,2025-07-21T19:00:00,F-008
ENC-00478,PT-3536,2025-07-20T22:00:00,2025-07-22T09:00:00,F-020
ENC-00479,PT-6262,2025-07-20T23:00:00,2025-07-21T08:00:00,F-006
ENC-00481,PT-5745,2025-07-21T01:00:00,2025-07-21T12:00:00,F-010
ENC-00482,PT-9401,2025-07-21T02:00:00,2025-07-21T18:00:00,F-015
ENC-00483,PT-9550,2025-07-21T03:00:00,2025-07-22T05:00:00,F-014
ENC-00484,PT-5150,2025-07-21T04:00:00,2025-07-23T06:00:00,F-006
ENC-00485,PT-4478,2025-07-21T05:00:00,2025-07-23T00:00:00,F-001
ENC-00486,PT-7702,2025-07-21T06:00:00,2025-07-23T11:00:00,F-005
ENC-00487,PT-6978,2025-07-21T07:00:00,2025-07-22T01:00:00,F-008
ENC-00488,PT-7894,2025-07-21T08:00:00,2025-07-21T19:00:00,F-016
ENC-00489,PT-4342,2025-07-21T09:00:00,2025-07-22T18:00:00,F-019
ENC-00490,PT-3677,2025-07-21T10:00:00,2025-07-21T20:00:00,F-020
ENC-00491,PT-5078,2025-07-21T11:00:00,2025-07-21T13:00:00,F-006
ENC-00493,PT-1392,2025-07-21T13:00:00,2025-07-22T05:00:00,F-003
ENC-00494,PT-4249,2025-07-21T14:00:00,2025-07-22T11:00:00,F-016
ENC-00495,PT-5325,2025-07-21T15:00:00,2025-07-22T13:00:00,F-009
ENC-00496,PT-2038,2025-07-21T16:00:00,2025-07-22T00:00:00,F-009
ENC-00497,PT-1839,2025-07-21T17:00:00,2025-07-22T14:00:00,F-014
ENC-00498,PT-2528,2025-07-21T18:00:00,2025-07-24T08:00:00,F-019
ENC-00499,PT-1506,2025-07-21T19:00:00,2025-07-23T02:00:00,F-001
ENC-00500,PT-4151,2025-07-21T20:00:00,2025-07-22T21:00:00,F-007
