provider_id,provider_name,specialty
PRV-0001,Provider 1,PCP
PRV-0002,Provider 2,ORTHO
PRV-0003,Provider 3,ED
PRV-0004,Provider 4,CARDIO
PRV-0005,Provider 5,CARDIO
PRV-0006,Provider 6,CARDIO
PRV-0007,Provider 7,PCP
PRV-0008,Provider 8,CARDIO
PRV-0009,Provider 9,ORTHO
PRV-0010,Provider 10,CARDIO
PRV-0011,Provider 11,CARDIO
PRV-0012,Provider 12,ED
PRV-0013,Provider 13,ED
PRV-0014,Provider 14,CARDIO
PRV-0015,Provider 15,ORTHO
PRV-0016,Provider 16,CARDIO
PRV-0017,Provider 17,ED
PRV-0018,Provider 18,CARDIO
PRV-0019,Provider 19,CARDIO
PRV-0020,Provider 20,ORTHO
PRV-0021,Provider 21,CARDIO
PRV-0022,Provider 22,ED
PRV-0023,Provider 23,CARDIO
PRV-0024,Provider 24,ORTHO
PRV-0025,Provider 25,CARDIO
PRV-0026,Provider 26,ORTHO
PRV-0027,Provider 27,PCP
PRV-0028,Provider 28,ED
PRV-0029,Provider 29,ORTHO
PRV-0030,Provider 30,CARDIO
PRV-0031,Provider 31,PCP
PRV-0032,Provider 32,ORTHO
PRV-0033,Provider 33,CARDIO
PRV-0034,Provider 34,ORTHO
PRV-0035,Provider 35,PCP
PRV-0036,Provider 36,CARDIO
PRV-0037,Provider 37,CARDIO
PRV-0038,Provider 38,CARDIO
PRV-0039,Provider 39,ORTHO
PRV-0040,Provider 40,ED
