claim_line_id,encounter_id,provider_id,service_date,allowed_amount,paid_amount,cpt_code
CLM-00001-1,ENC-00001,PRV-0038,2025-07-02,3697.59,1278.31,99214
CLM-00001-2,ENC-00001,PRV-0012,2025-07-02,2811.03,869.46,80053
CLM-00001-3,ENC-00001,PRV-0020,2025-07-02,2124.53,3065.48,93000
CLM-00002-1,ENC-00002,PRV-0011,2025-07-03,3040.71,548.91,93000
CLM-00002-2,ENC-00002,PRV-0027,2025-07-03,204.87,2345.39,80053
CLM-00002-3,ENC-00002,PRV-0037,2025-07-03,3166.92,2867.87,27447
CLM-00003-1,ENC-00003,PRV-0005,2025-07-04,3367.87,3307.49,93000
CLM-00003-2,ENC-00003,PRV-0005,2025-07-04,289.64,2461.19,80053
CLM-00003-3,ENC-00003,PRV-0029,2025-07-04,1174.15,1362.55,27447
CLM-00004-1,ENC-00004,PRV-0040,2025-07-05,512.53,225.16,27447
CLM-00005-1,ENC-00005,PRV-0032,2025-07-06,368.3,1583.17,80053
CLM-00005-2,ENC-00005,PRV-0018,2025-07-06,3539.37,2871.09,80053
CLM-00005-3,ENC-00005,PRV-0018,2025-07-06,2840.27,3452.91,93000
CLM-00006-1,ENC-00006,PRV-0010,2025-07-07,966.23,832.01,93000
CLM-00008-1,ENC-00008,PRV-0040,2025-07-09,2287.05,3336.78,80053
CLM-00008-2,ENC-00008,PRV-0040,2025-07-09,2637.12,2594.45,93000
CLM-00009-1,ENC-00009,PRV-0007,2025-07-10,1952.02,1413.54,99214
CLM-00009-2,ENC-00009,PRV-0005,2025-07-10,3939.44,1553.38,99213
CLM-00009-3,ENC-00009,PRV-0022,2025-07-10,2422.87,376.28,80053
CLM-00010-1,ENC-00010,PRV-0040,2025-07-11,150.73,3062.68,80053
CLM-00010-2,ENC-00010,PRV-0025,2025-07-11,636.77,897.86,27447
CLM-00012-1,,PRV-0030,2025-07-13,1947.56,1105.25,99214
CLM-00012-2,ENC-00012,PRV-0007,2025-07-13,3011.21,2596.42,93000
CLM-00012-3,ENC-00012,PRV-0011,2025-07-13,2089.52,734.15,80053
CLM-00014-1,ENC-00014,PRV-0034,2025-07-15,1498.46,601.31,99214
CLM-00014-2,ENC-00014,PRV-0035,2025-07-15,2189.19,1769.39,99214
CLM-00015-1,ENC-00015,PRV-0013,2025-07-16,2094.67,1257.36,99213
CLM-00016-1,ENC-00016,PRV-0013,2025-07-17,2785.46,3348.67,93000
CLM-00016-2,ENC-00016,PRV-0023,2025-07-17,3822.25,1288.93,99214
CLM-00017-1,ENC-00017,PRV-0022,2025-07-18,857.27,2191.75,80053
CLM-00019-1,ENC-00019,PRV-0012,2025-07-20,1764.0,2232.73,99213
CLM-00019-2,ENC-00019,PRV-0026,2025-07-20,1879.48,2606.87,99213
CLM-00019-3,ENC-00019,PRV-0011,2025-07-20,721.51,462.09,99214
CLM-00020-1,ENC-00020,PRV-0023,2025-07-21,665.85,1928.03,99213
CLM-00020-2,ENC-00020,PRV-0001,2025-07-21,3207.46,2547.77,99213
CLM-00020-3,ENC-00020,PRV-0034,2025-07-21,3010.51,504.59,99214
CLM-00021-1,ENC-00021,PRV-0019,2025-07-22,2029.59,2677.61,27447
CLM-00022-1,ENC-00022,PRV-0004,2025-07-23,3644.57,1251.17,93000
CLM-00023-1,ENC-00023,PRV-0035,2025-07-24,649.75,1796.7,93000
CLM-00024-1,,PRV-0039,2025-07-25,65.53,2801.11,99214
CLM-00026-1,ENC-00026,PRV-0007,2025-07-27,3538.75,217.74,99214
CLM-00026-2,ENC-00026,PRV-0018,2025-07-27,216.69,360.15,93000
CLM-00026-3,ENC-00026,PRV-0036,2025-07-27,160.07,3131.16,99213
CLM-00027-1,ENC-00027,PRV-0018,2025-07-28,1836.77,1875.83,93000
CLM-00028-1,ENC-00028,PRV-0036,2025-07-29,3576.38,725.01,93000
CLM-00028-2,ENC-00028,PRV-0009,2025-07-29,1695.72,1385.43,27447
CLM-00030-1,ENC-00030,PRV-0024,2025-07-31,614.77,3092.26,93000
CLM-00031-1,ENC-00031,PRV-0011,2025-08-01,3959.99,2916.91,99214
CLM-00031-2,ENC-00031,PRV-0028,2025-08-01,3976.59,1425.26,93000
CLM-00031-3,ENC-00031,PRV-0013,2025-08-01,1458.63,340.84,27447
CLM-00032-1,ENC-00032,PRV-0029,2025-08-02,2827.45,1357.52,80053
CLM-00032-2,ENC-00032,PRV-0040,2025-08-02,1217.04,3363.5,99213
CLM-00032-3,ENC-00032,PRV-0015,2025-08-02,3888.2,384.63,27447
CLM-00033-1,ENC-00033,PRV-0009,2025-08-03,3288.12,2976.57,27447
CLM-00033-2,ENC-00033,PRV-0026,2025-08-03,640.0,3218.72,80053
CLM-00034-1,ENC-00034,PRV-0004,2025-08-04,3208.37,658.04,99213
CLM-00034-2,ENC-00034,PRV-0018,2025-08-04,3756.48,2227.85,27447
CLM-00035-1,ENC-00035,PRV-0008,2025-08-05,1842.41,1200.25,80053
CLM-00035-2,ENC-00035,PRV-0027,2025-08-05,3710.34,952.15,99214
CLM-00037-1,ENC-00037,PRV-0017,2025-08-07,249.0,722.15,27447
CLM-00038-1,ENC-00038,PRV-0029,2025-08-08,2025.35,639.09,27447
CLM-00038-2,ENC-00038,PRV-0002,2025-08-08,3978.27,148.58,99213
CLM-00039-1,ENC-00039,PRV-0016,2025-08-09,3741.84,389.86,93000
CLM-00039-2,ENC-00039,PRV-0032,2025-08-09,2206.33,3112.77,80053
CLM-00039-3,ENC-00039,PRV-0020,2025-08-09,2766.58,3438.89,27447
CLM-00040-1,ENC-00040,PRV-0004,2025-07-01,3356.1,69.61,27447
CLM-00040-2,ENC-00040,PRV-0028,2025-07-01,694.82,314.01,93000
CLM-00041-1,ENC-00041,PRV-0019,2025-07-02,228.69,665.03,27447
CLM-00042-1,ENC-00042,PRV-0022,2025-07-03,3891.86,1923.82,99214
CLM-00042-2,ENC-00042,PRV-0003,2025-07-03,3864.38,1097.23,27447
CLM-00043-1,ENC-00043,PRV-0006,2025-07-04,1924.84,1769.62,99214
CLM-00043-2,ENC-00043,PRV-0016,2025-07-04,2043.71,37.23,27447
CLM-00043-3,ENC-00043,PRV-0006,2025-07-04,618.27,2062.07,93000
CLM-00044-1,ENC-00044,PRV-0006,2025-07-05,2363.05,1861.58,99214
CLM-00045-1,ENC-00045,PRV-0019,2025-07-06,2910.42,2258.4,99213
CLM-00046-1,ENC-00046,PRV-0034,2025-07-07,3023.83,1998.31,99213
CLM-00048-1,,PRV-0024,2025-07-09,3840.09,1330.63,93000
CLM-00049-1,ENC-00049,PRV-0032,2025-07-10,1091.98,1610.18,99213
CLM-00051-1,ENC-00051,PRV-0016,2025-07-12,2930.87,734.16,93000
CLM-00051-2,ENC-00051,PRV-0032,2025-07-12,3389.85,287.05,27447
CLM-00052-1,ENC-00052,PRV-0022,2025-07-13,1053.06,2606.4,27447
CLM-00054-1,ENC-00054,PRV-0032,2025-07-15,1198.88,1817.54,93000
CLM-00055-1,ENC-00055,PRV-0020,2025-07-16,3913.6,3278.17,99213
CLM-00056-1,ENC-00056,PRV-0018,2025-07-17,1578.05,3209.61,99214
CLM-00056-2,ENC-00056,PRV-0005,2025-07-17,2346.82,513.26,80053
CLM-00056-3,ENC-00056,PRV-0017,2025-07-17,3813.32,481.47,80053
CLM-00057-1,ENC-00057,PRV-0032,2025-07-18,3595.94,1711.77,99213
CLM-00058-1,ENC-00058,PRV-0026,2025-07-19,1242.71,509.66,27447
CLM-00058-2,ENC-00058,PRV-0025,2025-07-19,1298.51,2944.0,99213
CLM-00058-3,ENC-00058,PRV-0021,2025-07-19,3015.4,2940.11,99213
CLM-00059-1,ENC-00059,PRV-0024,2025-07-20,306.66,1377.76,80053
CLM-00059-2,ENC-00059,PRV-0005,2025-07-20,1474.8,1509.62,27447
CLM-00061-1,ENC-00061,PRV-0010,2025-07-22,1034.83,944.73,80053
CLM-00061-2,ENC-00061,PRV-0021,2025-07-22,799.9,1319.26,93000
CLM-00062-1,ENC-00062,PRV-0006,2025-07-23,245.43,2568.59,93000
CLM-00064-1,ENC-00064,PRV-0022,2025-07-25,1162.9,909.98,27447
CLM-00064-2,ENC-00064,PRV-0026,2025-07-25,2641.18,1066.91,80053
CLM-00064-3,ENC-00064,PRV-0026,2025-07-25,522.98,2258.35,99213
CLM-00065-1,ENC-00065,PRV-0029,2025-07-26,3629.72,3487.73,93000
CLM-00066-1,ENC-00066,PRV-0016,2025-07-27,408.32,1210.0,99213
CLM-00067-1,ENC-00067,PRV-0037,2025-07-28,848.46,89.88,93000
CLM-00067-2,ENC-00067,PRV-0025,2025-07-28,1684.84,1844.11,93000
CLM-00068-1,ENC-00068,PRV-0018,2025-07-29,2318.41,1273.31,80053
CLM-00068-2,ENC-00068,PRV-0034,2025-07-29,2537.03,3022.76,99214
CLM-00068-3,ENC-00068,PRV-0006,2025-07-29,1120.53,884.62,93000
CLM-00070-1,ENC-00070,PRV-0038,2025-07-31,1984.81,274.52,80053
CLM-00070-2,ENC-00070,PRV-0030,2025-07-31,3890.35,884.66,99213
CLM-00070-3,ENC-00070,PRV-0015,2025-07-31,659.79,1837.83,99213
CLM-00074-1,ENC-00074,PRV-0008,2025-08-04,442.81,1065.22,80053
CLM-00074-2,ENC-00074,PRV-0013,2025-08-04,1582.92,798.07,80053
CLM-00074-3,ENC-00074,PRV-0001,2025-08-04,91.32,1069.29,93000
CLM-00075-1,ENC-00075,PRV-0034,2025-08-05,977.33,879.76,93000
CLM-00075-2,ENC-00075,PRV-0020,2025-08-05,268.47,695.52,93000
CLM-00075-3,ENC-00075,PRV-0006,2025-08-05,1066.16,2342.4,27447
CLM-00076-1,ENC-00076,PRV-0027,2025-08-06,1481.16,1399.33,99213
CLM-00076-2,ENC-00076,PRV-0019,2025-08-06,2969.56,1776.98,99214
CLM-00077-1,ENC-00077,PRV-0015,2025-08-07,1887.2,942.28,27447
CLM-00078-1,ENC-00078,PRV-0015,2025-08-08,1965.96,3188.18,99213
CLM-00079-1,ENC-00079,PRV-0002,2025-08-09,3897.77,513.85,99213
CLM-00080-1,ENC-00080,PRV-0021,2025-07-01,2944.26,3491.4,99214
CLM-00080-2,ENC-00080,PRV-0022,2025-07-01,803.2,2290.59,80053
CLM-00080-3,ENC-00080,PRV-0030,2025-07-01,175.98,2332.22,93000
CLM-00081-1,ENC-00081,PRV-0007,2025-07-02,61.34,993.73,27447
CLM-00082-1,ENC-00082,PRV-0025,2025-07-03,1458.69,2879.08,93000
CLM-00083-1,ENC-00083,PRV-0024,2025-07-04,2189.04,1573.29,27447
CLM-00084-1,,PRV-0031,2025-07-05,169.61,1449.59,93000
CLM-00084-2,ENC-00084,PRV-0003,2025-07-05,1533.49,1634.9,99213
CLM-00085-1,ENC-00085,PRV-0024,2025-07-06,1125.64,3352.76,80053
CLM-00085-2,ENC-00085,PRV-0003,2025-07-06,1085.58,2513.89,27447
CLM-00087-1,ENC-00087,PRV-0030,2025-07-08,3817.95,1365.07,27447
CLM-00087-2,ENC-00087,PRV-0028,2025-07-08,3268.46,481.82,93000
CLM-00087-3,ENC-00087,PRV-0012,2025-07-08,84.39,3260.08,27447
CLM-00088-1,ENC-00088,PRV-0030,2025-07-09,1479.34,2742.23,99213
CLM-00088-2,ENC-00088,PRV-0033,2025-07-09,829.38,2640.04,99214
CLM-00089-1,ENC-00089,PRV-0036,2025-07-10,2201.24,579.21,93000
CLM-00089-2,ENC-00089,PRV-0007,2025-07-10,3951.9,941.82,99213
CLM-00089-3,ENC-00089,PRV-0014,2025-07-10,430.87,1754.69,93000
CLM-00090-1,ENC-00090,PRV-0030,2025-07-11,2500.22,2365.9,80053
CLM-00090-2,ENC-00090,PRV-0008,2025-07-11,3130.01,1042.85,27447
CLM-00090-3,ENC-00090,PRV-0037,2025-07-11,1107.28,904.12,27447
CLM-00091-1,ENC-00091,PRV-0016,2025-07-12,980.24,999.11,80053
CLM-00092-1,ENC-00092,PRV-0017,2025-07-13,3970.17,1785.49,99214
CLM-00092-2,ENC-00092,PRV-0007,2025-07-13,2630.64,3468.53,99213
CLM-00092-3,ENC-00092,PRV-0001,2025-07-13,1925.31,2870.48,93000
CLM-00093-1,ENC-00093,PRV-0008,2025-07-14,249.05,2109.72,80053
CLM-00094-1,ENC-00094,PRV-0029,2025-07-15,2432.02,2716.99,99213
CLM-00096-1,,PRV-0022,2025-07-17,608.41,729.84,27447
CLM-00096-2,ENC-00096,PRV-0003,2025-07-17,2417.72,2287.72,99214
CLM-00097-1,ENC-00097,PRV-0012,2025-07-18,2503.0,291.21,99213
CLM-00097-2,ENC-00097,PRV-0032,2025-07-18,2214.78,240.18,99213
CLM-00099-1,ENC-00099,PRV-0019,2025-07-20,2687.85,1474.1,99213
CLM-00099-2,ENC-00099,PRV-0020,2025-07-20,2994.08,3095.26,93000
CLM-00099-3,ENC-00099,PRV-0027,2025-07-20,121.94,2687.99,27447
CLM-00100-1,ENC-00100,PRV-0001,2025-07-21,1764.95,564.85,99213
CLM-00101-1,ENC-00101,PRV-0030,2025-07-22,3103.57,472.31,99213
CLM-00101-2,ENC-00101,PRV-0036,2025-07-22,612.86,2826.51,93000
CLM-00102-1,ENC-00102,PRV-0010,2025-07-23,1424.38,583.12,99214
CLM-00103-1,ENC-00103,PRV-0013,2025-07-24,1241.38,2933.78,99213
CLM-00103-2,ENC-00103,PRV-0031,2025-07-24,1292.38,2134.6,93000
CLM-00103-3,ENC-00103,PRV-0006,2025-07-24,3621.67,2178.79,99214
CLM-00104-1,ENC-00104,PRV-0031,2025-07-25,772.71,779.12,93000
CLM-00105-1,ENC-00105,PRV-0008,2025-07-26,640.4,3398.01,99214
CLM-00105-2,ENC-00105,PRV-0003,2025-07-26,3541.26,2951.85,99213
CLM-00106-1,ENC-00106,PRV-0036,2025-07-27,3403.59,2727.74,93000
CLM-00106-2,ENC-00106,PRV-0020,2025-07-27,2351.37,1501.57,27447
CLM-00106-3,ENC-00106,PRV-0029,2025-07-27,2039.13,642.1,99213
CLM-00107-1,ENC-00107,PRV-0040,2025-07-28,3130.9,1614.85,99214
CLM-00107-2,ENC-00107,PRV-0031,2025-07-28,1631.35,253.58,27447
CLM-00107-3,ENC-00107,PRV-0028,2025-07-28,1493.06,2811.94,80053
CLM-00109-1,ENC-00109,PRV-0033,2025-07-30,365.87,2637.16,93000
CLM-00109-2,ENC-00109,PRV-0009,2025-07-30,152.13,251.0,80053
CLM-00110-1,ENC-00110,PRV-0019,2025-07-31,3828.73,3207.82,99214
CLM-00110-2,ENC-00110,PRV-0015,2025-07-31,308.79,1241.12,27447
CLM-00110-3,ENC-00110,PRV-0011,2025-07-31,1329.16,2155.09,93000
CLM-00111-1,ENC-00111,PRV-0014,2025-08-01,2387.96,2163.21,99214
CLM-00111-2,ENC-00111,PRV-0021,2025-08-01,1520.45,712.32,93000
CLM-00111-3,ENC-00111,PRV-0011,2025-08-01,2564.46,988.13,27447
CLM-00113-1,ENC-00113,PRV-0036,2025-08-03,2109.74,2416.78,99213
CLM-00113-2,ENC-00113,PRV-0017,2025-08-03,3972.17,2211.62,93000
CLM-00113-3,ENC-00113,PRV-0024,2025-08-03,1095.78,3466.93,80053
CLM-00116-1,ENC-00116,PRV-0038,2025-08-06,3717.41,3137.12,99213
CLM-00116-2,ENC-00116,PRV-0003,2025-08-06,925.47,1032.58,93000
CLM-00119-1,ENC-00119,PRV-0020,2025-08-09,470.13,1262.89,99214
CLM-00119-2,ENC-00119,PRV-0027,2025-08-09,2355.18,2070.04,99214
CLM-00120-1,,PRV-0040,2025-07-01,3322.46,572.01,99213
CLM-00120-2,ENC-00120,PRV-0016,2025-07-01,2844.52,1588.97,99213
CLM-00121-1,ENC-00121,PRV-0001,2025-07-02,271.72,2876.66,27447
CLM-00121-2,ENC-00121,PRV-0039,2025-07-02,2600.14,1564.26,80053
CLM-00124-1,ENC-00124,PRV-0004,2025-07-05,3651.38,385.11,80053
CLM-00125-1,ENC-00125,PRV-0034,2025-07-06,2451.93,1784.18,93000
CLM-00131-1,ENC-00131,PRV-0036,2025-07-12,2732.98,2406.35,80053
CLM-00131-2,ENC-00131,PRV-0017,2025-07-12,1217.69,3251.43,99214
CLM-00133-1,ENC-00133,PRV-0016,2025-07-14,3374.81,725.66,99214
CLM-00133-2,ENC-00133,PRV-0021,2025-07-14,808.15,1372.7,80053
CLM-00134-1,ENC-00134,PRV-0031,2025-07-15,3366.86,2447.71,99213
CLM-00134-2,ENC-00134,PRV-0028,2025-07-15,3825.0,833.72,27447
CLM-00134-3,ENC-00134,PRV-0014,2025-07-15,1596.67,2056.96,80053
CLM-00136-1,ENC-00136,PRV-0023,2025-07-17,3910.76,2458.57,99213
CLM-00138-1,ENC-00138,PRV-0013,2025-07-19,3279.37,2872.08,99213
CLM-00138-2,ENC-00138,PRV-0025,2025-07-19,473.11,735.92,99213
CLM-00139-1,ENC-00139,PRV-0031,2025-07-20,444.51,360.56,99214
CLM-00139-2,ENC-00139,PRV-0019,2025-07-20,1310.6,1494.7,99213
CLM-00141-1,ENC-00141,PRV-0019,2025-07-22,2492.19,127.82,93000
CLM-00141-2,ENC-00141,PRV-0002,2025-07-22,1773.98,2710.13,27447
CLM-00141-3,ENC-00141,PRV-0031,2025-07-22,2833.4,1891.82,99214
CLM-00142-1,ENC-00142,PRV-0001,2025-07-23,2118.05,1023.4,99213
CLM-00142-2,ENC-00142,PRV-0001,2025-07-23,1423.82,353.0,99214
CLM-00142-3,ENC-00142,PRV-0032,2025-07-23,2390.59,3351.08,80053
CLM-00143-1,ENC-00143,PRV-0015,2025-07-24,2018.35,402.53,99213
CLM-00144-1,,PRV-0036,2025-07-25,3158.39,2205.2,27447
CLM-00144-2,ENC-00144,PRV-0007,2025-07-25,1635.02,1393.21,99213
CLM-00144-3,ENC-00144,PRV-0028,2025-07-25,3559.37,107.61,99214
CLM-00145-1,ENC-00145,PRV-0025,2025-07-26,3930.52,2214.99,93000
CLM-00147-1,ENC-00147,PRV-0029,2025-07-28,2665.3,2602.12,99214
CLM-00148-1,ENC-00148,PRV-0009,2025-07-29,1369.51,2256.6,99214
CLM-00149-1,ENC-00149,PRV-0040,2025-07-30,660.65,562.83,99214
CLM-00149-2,ENC-00149,PRV-0021,2025-07-30,2431.44,1233.24,99214
CLM-00151-1,ENC-00151,PRV-0010,2025-08-01,3936.14,2786.21,27447
CLM-00151-2,ENC-00151,PRV-0028,2025-08-01,1131.59,400.29,99213
CLM-00151-3,ENC-00151,PRV-0018,2025-08-01,865.45,1371.43,99213
CLM-00152-1,ENC-00152,PRV-0033,2025-08-02,3924.48,1050.82,99213
CLM-00153-1,ENC-00153,PRV-0001,2025-08-03,2976.74,3179.85,93000
CLM-00153-2,ENC-00153,PRV-0037,2025-08-03,2370.34,2272.26,99214
CLM-00153-3,ENC-00153,PRV-0038,2025-08-03,3417.15,2385.0,99213
CLM-00154-1,ENC-00154,PRV-0007,2025-08-04,3584.24,863.54,93000
CLM-00154-2,ENC-00154,PRV-0011,2025-08-04,1037.74,1494.06,93000
CLM-00155-1,ENC-00155,PRV-0021,2025-08-05,3123.81,1372.71,93000
CLM-00157-1,ENC-00157,PRV-0011,2025-08-07,2879.05,3330.62,99214
CLM-00158-1,ENC-00158,PRV-0035,2025-08-08,859.68,1675.56,99213
CLM-00158-2,ENC-00158,PRV-0024,2025-08-08,2110.67,1448.01,93000
CLM-00158-3,ENC-00158,PRV-0014,2025-08-08,3961.6,659.63,80053
CLM-00159-1,ENC-00159,PRV-0018,2025-08-09,1558.25,234.03,99213
CLM-00159-2,ENC-00159,PRV-0027,2025-08-09,3665.97,2207.41,27447
CLM-00160-1,ENC-00160,PRV-0026,2025-07-01,3762.73,1854.23,99214
CLM-00160-2,ENC-00160,PRV-0026,2025-07-01,1875.36,592.58,99213
CLM-00161-1,ENC-00161,PRV-0010,2025-07-02,1444.87,2243.01,93000
CLM-00162-1,ENC-00162,PRV-0031,2025-07-03,1451.25,2980.33,27447
CLM-00163-1,ENC-00163,PRV-0031,2025-07-04,60.65,2531.83,27447
CLM-00164-1,ENC-00164,PRV-0031,2025-07-05,1965.43,2189.31,99213
CLM-00164-2,ENC-00164,PRV-0024,2025-07-05,653.38,1075.03,93000
CLM-00165-1,ENC-00165,PRV-0009,2025-07-06,2146.06,1221.12,80053
CLM-00165-2,ENC-00165,PRV-0001,2025-07-06,2646.35,749.93,99213
CLM-00167-1,ENC-00167,PRV-0023,2025-07-08,3150.3,745.72,93000
CLM-00167-2,ENC-00167,PRV-0035,2025-07-08,713.26,3121.15,80053
CLM-00167-3,ENC-00167,PRV-0006,2025-07-08,2690.41,3130.82,27447
CLM-00168-1,,PRV-0032,2025-07-09,2786.53,1867.17,93000
CLM-00169-1,ENC-00169,PRV-0015,2025-07-10,3316.86,1666.88,80053
CLM-00169-2,ENC-00169,PRV-0004,2025-07-10,1963.26,3171.01,93000
CLM-00169-3,ENC-00169,PRV-0016,2025-07-10,2017.79,1897.61,99213
CLM-00170-1,ENC-00170,PRV-0019,2025-07-11,3370.24,1324.85,93000
CLM-00170-2,ENC-00170,PRV-0005,2025-07-11,763.05,1274.11,99213
CLM-00170-3,ENC-00170,PRV-0002,2025-07-11,2458.22,2395.41,27447
CLM-00171-1,ENC-00171,PRV-0010,2025-07-12,183.89,2519.28,99214
CLM-00171-2,ENC-00171,PRV-0022,2025-07-12,423.14,2313.4,27447
CLM-00171-3,ENC-00171,PRV-0031,2025-07-12,3125.17,1948.36,99214
CLM-00172-1,ENC-00172,PRV-0017,2025-07-13,2238.41,2897.0,27447
CLM-00172-2,ENC-00172,PRV-0023,2025-07-13,3319.55,1424.98,80053
CLM-00172-3,ENC-00172,PRV-0018,2025-07-13,3498.21,1219.94,99214
CLM-00173-1,ENC-00173,PRV-0021,2025-07-14,2867.07,463.95,99213
CLM-00174-1,ENC-00174,PRV-0035,2025-07-15,2317.47,1406.72,99213
CLM-00174-2,ENC-00174,PRV-0001,2025-07-15,233.27,2880.43,93000
CLM-00174-3,ENC-00174,PRV-0039,2025-07-15,3075.64,229.32,80053
CLM-00175-1,ENC-00175,PRV-0039,2025-07-16,3511.47,308.85,99213
CLM-00176-1,ENC-00176,PRV-0003,2025-07-17,1715.21,370.11,99213
CLM-00177-1,ENC-00177,PRV-0020,2025-07-18,779.87,139.16,99213
CLM-00177-2,ENC-00177,PRV-0028,2025-07-18,2287.01,2032.41,99213
CLM-00181-1,ENC-00181,PRV-0036,2025-07-22,453.07,2262.88,99214
CLM-00181-2,ENC-00181,PRV-0010,2025-07-22,2526.24,1505.96,99213
CLM-00181-3,ENC-00181,PRV-0008,2025-07-22,3947.26,3007.47,99214
CLM-00183-1,ENC-00183,PRV-0004,2025-07-24,1495.2,2620.4,99214
CLM-00184-1,ENC-00184,PRV-0030,2025-07-25,2694.69,3117.22,99213
CLM-00184-2,ENC-00184,PRV-0003,2025-07-25,95.03,71.26,80053
CLM-00184-3,ENC-00184,PRV-0006,2025-07-25,1586.35,1107.48,80053
CLM-00186-1,ENC-00186,PRV-0031,2025-07-27,2723.67,524.27,99213
CLM-00186-2,ENC-00186,PRV-0024,2025-07-27,3817.88,590.81,93000
CLM-00186-3,ENC-00186,PRV-0031,2025-07-27,1573.66,2756.12,27447
CLM-00188-1,ENC-00188,PRV-0038,2025-07-29,1742.82,3110.67,93000
CLM-00188-2,ENC-00188,PRV-0025,2025-07-29,2755.05,2114.2,99214
CLM-00189-1,ENC-00189,PRV-0017,2025-07-30,1108.69,567.34,99213
CLM-00189-2,ENC-00189,PRV-0019,2025-07-30,3341.26,2844.9,80053
CLM-00190-1,ENC-00190,PRV-0023,2025-07-31,2161.5,1899.13,93000
CLM-00190-2,ENC-00190,PRV-0025,2025-07-31,841.7,2630.64,99214
CLM-00190-3,ENC-00190,PRV-0020,2025-07-31,2447.25,2378.26,93000
CLM-00192-1,,PRV-0030,2025-08-02,2185.22,1885.81,27447
CLM-00192-2,ENC-00192,PRV-0005,2025-08-02,969.82,2036.97,27447
CLM-00192-3,ENC-00192,PRV-0034,2025-08-02,1317.92,1781.47,99214
CLM-00194-1,ENC-00194,PRV-0026,2025-08-04,3129.57,3002.19,99214
CLM-00194-2,ENC-00194,PRV-0003,2025-08-04,3694.34,1736.57,99213
CLM-00195-1,ENC-00195,PRV-0021,2025-08-05,2408.99,1220.33,80053
CLM-00196-1,ENC-00196,PRV-0037,2025-08-06,1970.95,1993.8,27447
CLM-00197-1,ENC-00197,PRV-0038,2025-08-07,3284.38,3372.87,27447
CLM-00197-2,ENC-00197,PRV-0003,2025-08-07,1388.43,3481.26,93000
CLM-00197-3,ENC-00197,PRV-0006,2025-08-07,158.7,141.14,27447
CLM-00198-1,ENC-00198,PRV-0008,2025-08-08,2840.19,333.05,27447
CLM-00198-2,ENC-00198,PRV-0037,2025-08-08,971.17,332.45,80053
CLM-00198-3,ENC-00198,PRV-0026,2025-08-08,771.55,2976.94,27447
CLM-00201-1,ENC-00201,PRV-0004,2025-07-02,449.17,1125.54,99213
CLM-00201-2,ENC-00201,PRV-0013,2025-07-02,2723.71,1059.8,80053
CLM-00201-3,ENC-00201,PRV-0029,2025-07-02,3043.7,386.86,27447
CLM-00203-1,ENC-00203,PRV-0029,2025-07-04,991.91,518.16,99213
CLM-00204-1,,PRV-0013,2025-07-05,3205.45,566.21,99214
CLM-00204-2,ENC-00204,PRV-0005,2025-07-05,3739.21,3036.3,99214
CLM-00204-3,ENC-00204,PRV-0029,2025-07-05,3833.92,3242.27,93000
CLM-00205-1,ENC-00205,PRV-0021,2025-07-06,3301.09,1681.83,27447
CLM-00205-2,ENC-00205,PRV-0010,2025-07-06,1361.32,2581.5,99214
CLM-00206-1,ENC-00206,PRV-0010,2025-07-07,1102.27,1453.0,99214
CLM-00206-2,ENC-00206,PRV-0002,2025-07-07,1120.87,2941.68,27447
CLM-00206-3,ENC-00206,PRV-0011,2025-07-07,1079.65,400.15,93000
CLM-00209-1,ENC-00209,PRV-0017,2025-07-10,3992.44,3239.28,99213
CLM-00209-2,ENC-00209,PRV-0025,2025-07-10,1193.24,3138.77,99213
CLM-00209-3,ENC-00209,PRV-0019,2025-07-10,620.19,2246.54,93000
CLM-00210-1,ENC-00210,PRV-0029,2025-07-11,57.6,2916.21,80053
CLM-00211-1,ENC-00211,PRV-0003,2025-07-12,3652.33,779.56,80053
CLM-00211-2,ENC-00211,PRV-0012,2025-07-12,595.39,646.85,99214
CLM-00211-3,ENC-00211,PRV-0012,2025-07-12,827.01,295.85,99213
CLM-00212-1,ENC-00212,PRV-0009,2025-07-13,2469.11,2483.0,99214
CLM-00214-1,ENC-00214,PRV-0022,2025-07-15,1162.94,2244.35,93000
CLM-00214-2,ENC-00214,PRV-0006,2025-07-15,111.01,3187.55,93000
CLM-00215-1,ENC-00215,PRV-0037,2025-07-16,3334.91,1297.51,99214
CLM-00216-1,,PRV-0037,2025-07-17,2399.84,36.15,80053
CLM-00216-2,ENC-00216,PRV-0029,2025-07-17,3876.5,268.27,27447
CLM-00218-1,ENC-00218,PRV-0033,2025-07-19,151.29,2819.67,99214
CLM-00218-2,ENC-00218,PRV-0002,2025-07-19,1011.97,328.28,80053
CLM-00218-3,ENC-00218,PRV-0012,2025-07-19,713.13,1105.46,80053
CLM-00219-1,ENC-00219,PRV-0017,2025-07-20,119.87,2105.91,80053
CLM-00220-1,ENC-00220,PRV-0007,2025-07-21,1435.26,346.79,99214
CLM-00220-2,ENC-00220,PRV-0003,2025-07-21,1128.4,1637.66,80053
CLM-00220-3,ENC-00220,PRV-0033,2025-07-21,3057.97,402.94,99213
CLM-00221-1,ENC-00221,PRV-0015,2025-07-22,631.52,2013.49,93000
CLM-00222-1,ENC-00222,PRV-0039,2025-07-23,3366.9,1849.14,93000
CLM-00222-2,ENC-00222,PRV-0004,2025-07-23,3118.78,1198.15,99214
CLM-00222-3,ENC-00222,PRV-0022,2025-07-23,2876.34,2953.73,80053
CLM-00224-1,ENC-00224,PRV-0016,2025-07-25,3488.46,2327.65,99213
CLM-00224-2,ENC-00224,PRV-0024,2025-07-25,480.65,672.49,27447
CLM-00226-1,ENC-00226,PRV-0030,2025-07-27,2551.19,2836.25,99213
CLM-00226-2,ENC-00226,PRV-0003,2025-07-27,3469.15,2180.82,80053
CLM-00226-3,ENC-00226,PRV-0018,2025-07-27,2531.58,2826.03,99213
CLM-00228-1,,PRV-0016,2025-07-29,3805.92,1020.58,27447
CLM-00228-2,ENC-00228,PRV-0023,2025-07-29,2607.7,438.93,80053
CLM-00228-3,ENC-00228,PRV-0033,2025-07-29,3610.61,313.97,80053
CLM-00230-1,ENC-00230,PRV-0037,2025-07-31,1188.81,867.03,99213
CLM-00230-2,ENC-00230,PRV-0035,2025-07-31,1184.31,1600.41,80053
CLM-00230-3,ENC-00230,PRV-0015,2025-07-31,2618.91,720.15,27447
CLM-00231-1,ENC-00231,PRV-0031,2025-08-01,3284.34,127.75,27447
CLM-00231-2,ENC-00231,PRV-0015,2025-08-01,795.78,1919.79,80053
CLM-00231-3,ENC-00231,PRV-0026,2025-08-01,96.92,1247.23,99214
CLM-00232-1,ENC-00232,PRV-0019,2025-08-02,3519.57,772.17,99213
CLM-00232-2,ENC-00232,PRV-0002,2025-08-02,676.34,252.46,27447
CLM-00233-1,ENC-00233,PRV-0029,2025-08-03,1448.75,2674.7,80053
CLM-00233-2,ENC-00233,PRV-0015,2025-08-03,3957.76,2378.25,99214
CLM-00233-3,ENC-00233,PRV-0027,2025-08-03,1381.21,1246.54,99214
CLM-00234-1,ENC-00234,PRV-0018,2025-08-04,3150.52,2485.76,99214
CLM-00234-2,ENC-00234,PRV-0027,2025-08-04,3489.76,35.05,80053
CLM-00234-3,ENC-00234,PRV-0038,2025-08-04,513.92,1403.28,80053
CLM-00236-1,ENC-00236,PRV-0023,2025-08-06,1207.03,1379.58,80053
CLM-00236-2,ENC-00236,PRV-0039,2025-08-06,1568.78,1140.54,93000
CLM-00237-1,ENC-00237,PRV-0035,2025-08-07,1250.93,524.57,80053
CLM-00238-1,ENC-00238,PRV-0021,2025-08-08,3877.35,2136.14,99214
CLM-00238-2,ENC-00238,PRV-0021,2025-08-08,857.02,1504.04,99213
CLM-00239-1,ENC-00239,PRV-0020,2025-08-09,3685.23,2711.72,80053
CLM-00239-2,ENC-00239,PRV-0040,2025-08-09,3993.39,1820.72,80053
CLM-00239-3,ENC-00239,PRV-0028,2025-08-09,1588.59,1264.84,80053
CLM-00240-1,,PRV-0029,2025-07-01,3794.2,2374.14,80053
CLM-00240-2,ENC-00240,PRV-0015,2025-07-01,440.92,1322.97,93000
CLM-00241-1,ENC-00241,PRV-0026,2025-07-02,1788.65,2193.62,80053
CLM-00241-2,ENC-00241,PRV-0022,2025-07-02,2781.73,2617.71,99213
CLM-00241-3,ENC-00241,PRV-0011,2025-07-02,1482.73,1295.97,99213
CLM-00243-1,ENC-00243,PRV-0011,2025-07-04,2120.03,2860.25,99214
CLM-00243-2,ENC-00243,PRV-0033,2025-07-04,3577.91,1454.66,99213
CLM-00243-3,ENC-00243,PRV-0037,2025-07-04,2432.35,1249.08,99213
CLM-00244-1,ENC-00244,PRV-0036,2025-07-05,65.46,1079.51,99213
CLM-00244-2,ENC-00244,PRV-0038,2025-07-05,110.99,122.77,99214
CLM-00245-1,ENC-00245,PRV-0035,2025-07-06,2081.63,520.14,99214
CLM-00245-2,ENC-00245,PRV-0027,2025-07-06,2426.88,525.83,80053
CLM-00247-1,ENC-00247,PRV-0030,2025-07-08,2471.37,2826.97,99213
CLM-00247-2,ENC-00247,PRV-0001,2025-07-08,2754.03,2034.37,99214
CLM-00247-3,ENC-00247,PRV-0016,2025-07-08,1447.69,609.56,27447
CLM-00248-1,ENC-00248,PRV-0029,2025-07-09,2514.81,88.03,99214
CLM-00252-1,,PRV-0020,2025-07-13,1702.59,896.85,93000
CLM-00252-2,ENC-00252,PRV-0005,2025-07-13,1009.57,1376.49,80053
CLM-00252-3,ENC-00252,PRV-0015,2025-07-13,1683.31,1407.12,93000
CLM-00253-1,ENC-00253,PRV-0011,2025-07-14,1465.66,669.2,27447
CLM-00254-1,ENC-00254,PRV-0035,2025-07-15,3492.37,1188.86,99213
CLM-00254-2,ENC-00254,PRV-0008,2025-07-15,1717.99,3197.22,80053
CLM-00255-1,ENC-00255,PRV-0019,2025-07-16,1410.69,1535.81,27447
CLM-00255-2,ENC-00255,PRV-0002,2025-07-16,1398.61,562.51,99214
CLM-00255-3,ENC-00255,PRV-0006,2025-07-16,825.37,1916.13,99214
CLM-00256-1,ENC-00256,PRV-0024,2025-07-17,1444.03,2534.18,93000
CLM-00257-1,ENC-00257,PRV-0015,2025-07-18,3440.64,2370.05,27447
CLM-00258-1,ENC-00258,PRV-0026,2025-07-19,2452.4,759.65,99213
CLM-00259-1,ENC-00259,PRV-0025,2025-07-20,163.43,2519.43,99214
CLM-00259-2,ENC-00259,PRV-0020,2025-07-20,109.25,2493.25,99214
CLM-00261-1,ENC-00261,PRV-0013,2025-07-22,310.35,1103.23,99214
CLM-00261-2,ENC-00261,PRV-0019,2025-07-22,548.22,2514.09,27447
CLM-00262-1,ENC-00262,PRV-0018,2025-07-23,746.75,1295.7,27447
CLM-00263-1,ENC-00263,PRV-0026,2025-07-24,1440.85,2208.32,99214
CLM-00264-1,,PRV-0008,2025-07-25,1120.01,2139.03,99214
CLM-00264-2,ENC-00264,PRV-0003,2025-07-25,1648.42,2137.68,93000
CLM-00265-1,ENC-00265,PRV-0003,2025-07-26,2231.76,2210.51,99214
CLM-00265-2,ENC-00265,PRV-0037,2025-07-26,3365.89,2004.18,80053
CLM-00265-3,ENC-00265,PRV-0017,2025-07-26,3706.49,2352.07,80053
CLM-00266-1,ENC-00266,PRV-0003,2025-07-27,3506.69,2056.23,99213
CLM-00266-2,ENC-00266,PRV-0016,2025-07-27,2740.22,149.22,27447
CLM-00267-1,ENC-00267,PRV-0026,2025-07-28,3992.53,2161.36,99214
CLM-00267-2,ENC-00267,PRV-0018,2025-07-28,2132.93,1234.65,93000
CLM-00267-3,ENC-00267,PRV-0029,2025-07-28,3724.32,2426.84,93000
CLM-00268-1,ENC-00268,PRV-0033,2025-07-29,3393.93,2728.31,93000
CLM-00268-2,ENC-00268,PRV-0013,2025-07-29,222.58,2465.53,80053
CLM-00268-3,ENC-00268,PRV-0017,2025-07-29,739.4,589.66,99214
CLM-00270-1,ENC-00270,PRV-0006,2025-07-31,845.57,1100.72,99214
CLM-00270-2,ENC-00270,PRV-0032,2025-07-31,2697.82,847.8,99214
CLM-00270-3,ENC-00270,PRV-0001,2025-07-31,2085.76,1568.71,27447
CLM-00271-1,ENC-00271,PRV-0022,2025-08-01,2536.14,430.54,93000
CLM-00272-1,ENC-00272,PRV-0026,2025-08-02,3333.13,418.38,27447
CLM-00272-2,ENC-00272,PRV-0001,2025-08-02,1473.9,738.39,99213
CLM-00272-3,ENC-00272,PRV-0018,2025-08-02,1250.42,404.87,27447
CLM-00273-1,ENC-00273,PRV-0029,2025-08-03,1901.2,1283.16,99214
CLM-00273-2,ENC-00273,PRV-0036,2025-08-03,333.68,57.63,93000
CLM-00274-1,ENC-00274,PRV-0007,2025-08-04,2598.18,3349.43,93000
CLM-00274-2,ENC-00274,PRV-0013,2025-08-04,3146.31,1139.91,27447
CLM-00275-1,ENC-00275,PRV-0016,2025-08-05,358.67,2621.12,99213
CLM-00275-2,ENC-00275,PRV-0026,2025-08-05,3366.34,1051.18,99214
CLM-00276-1,,PRV-0007,2025-08-06,3149.24,2909.77,80053
CLM-00277-1,ENC-00277,PRV-0021,2025-08-07,959.39,494.47,27447
CLM-00277-2,ENC-00277,PRV-0017,2025-08-07,995.55,163.56,80053
CLM-00278-1,ENC-00278,PRV-0028,2025-08-08,2023.14,568.04,27447
CLM-00278-2,ENC-00278,PRV-0039,2025-08-08,2345.41,299.21,99214
CLM-00278-3,ENC-00278,PRV-0011,2025-08-08,596.29,2235.91,93000
CLM-00279-1,ENC-00279,PRV-0013,2025-08-09,912.19,1316.26,99213
CLM-00279-2,ENC-00279,PRV-0040,2025-08-09,3428.54,2758.48,93000
CLM-00279-3,ENC-00279,PRV-0010,2025-08-09,1168.86,2322.46,80053
CLM-00280-1,ENC-00280,PRV-0001,2025-07-01,2681.11,2894.73,99214
CLM-00280-2,ENC-00280,PRV-0025,2025-07-01,1218.17,1562.18,80053
CLM-00280-3,ENC-00280,PRV-0023,2025-07-01,2291.68,1651.56,80053
CLM-00281-1,ENC-00281,PRV-0035,2025-07-02,3639.39,3031.66,93000
CLM-00281-2,ENC-00281,PRV-0039,2025-07-02,2498.48,2842.8,99213
CLM-00281-3,ENC-00281,PRV-0022,2025-07-02,2456.14,1053.69,80053
CLM-00282-1,ENC-00282,PRV-0020,2025-07-03,3467.79,1865.81,99213
CLM-00284-1,ENC-00284,PRV-0024,2025-07-05,2143.41,1985.56,93000
CLM-00284-2,ENC-00284,PRV-0017,2025-07-05,501.3,648.15,99214
CLM-00284-3,ENC-00284,PRV-0036,2025-07-05,3011.89,789.98,27447
CLM-00285-1,ENC-00285,PRV-0032,2025-07-06,946.61,1614.38,80053
CLM-00285-2,ENC-00285,PRV-0037,2025-07-06,2802.06,2579.84,80053
CLM-00286-1,ENC-00286,PRV-0009,2025-07-07,3460.73,1935.96,99213
CLM-00286-2,ENC-00286,PRV-0033,2025-07-07,453.27,2909.13,93000
CLM-00286-3,ENC-00286,PRV-0035,2025-07-07,726.46,3360.92,80053
CLM-00287-1,ENC-00287,PRV-0040,2025-07-08,277.34,844.42,27447
CLM-00287-2,ENC-00287,PRV-0003,2025-07-08,109.93,2088.19,99214
CLM-00288-1,,PRV-0020,2025-07-09,526.12,491.87,99213
CLM-00288-2,ENC-00288,PRV-0040,2025-07-09,3955.05,721.57,99213
CLM-00288-3,ENC-00288,PRV-0023,2025-07-09,713.62,2614.11,27447
CLM-00289-1,ENC-00289,PRV-0024,2025-07-10,2077.06,1845.99,27447
CLM-00290-1,ENC-00290,PRV-0007,2025-07-11,1455.17,1159.22,80053
CLM-00290-2,ENC-00290,PRV-0008,2025-07-11,184.88,3187.6,99214
CLM-00291-1,ENC-00291,PRV-0002,2025-07-12,3360.74,2043.18,99213
CLM-00291-2,ENC-00291,PRV-0002,2025-07-12,1977.79,276.67,27447
CLM-00291-3,ENC-00291,PRV-0012,2025-07-12,643.47,3260.23,93000
CLM-00292-1,ENC-00292,PRV-0029,2025-07-13,104.51,1211.44,99214
CLM-00292-2,ENC-00292,PRV-0032,2025-07-13,2032.01,3058.24,99213
CLM-00293-1,ENC-00293,PRV-0031,2025-07-14,3871.74,2431.36,93000
CLM-00293-2,ENC-00293,PRV-0026,2025-07-14,955.38,3353.55,80053
CLM-00293-3,ENC-00293,PRV-0005,2025-07-14,1475.68,1858.34,27447
CLM-00294-1,ENC-00294,PRV-0024,2025-07-15,2922.62,1173.16,93000
CLM-00296-1,ENC-00296,PRV-0002,2025-07-17,1032.52,3069.45,80053
CLM-00297-1,ENC-00297,PRV-0025,2025-07-18,1129.69,1760.01,27447
CLM-00297-2,ENC-00297,PRV-0023,2025-07-18,2297.4,1857.96,99214
CLM-00298-1,ENC-00298,PRV-0037,2025-07-19,2556.76,1282.93,27447
CLM-00298-2,ENC-00298,PRV-0016,2025-07-19,3497.61,3286.48,99213
CLM-00298-3,ENC-00298,PRV-0020,2025-07-19,3853.68,1208.42,27447
CLM-00299-1,ENC-00299,PRV-0022,2025-07-20,288.77,1193.51,27447
CLM-00299-2,ENC-00299,PRV-0031,2025-07-20,2039.75,3131.82,99214
CLM-00299-3,ENC-00299,PRV-0023,2025-07-20,645.7,734.66,93000
CLM-00300-1,,PRV-0029,2025-07-21,1614.49,2707.77,99214
CLM-00300-2,ENC-00300,PRV-0038,2025-07-21,311.98,1069.18,27447
CLM-00300-3,ENC-00300,PRV-0017,2025-07-21,2920.29,1938.42,27447
CLM-00302-1,ENC-00302,PRV-0030,2025-07-23,1460.06,2715.05,93000
CLM-00302-2,ENC-00302,PRV-0005,2025-07-23,3362.42,1131.02,99214
CLM-00305-1,ENC-00305,PRV-0013,2025-07-26,3576.71,1003.57,80053
CLM-00305-2,ENC-00305,PRV-0007,2025-07-26,827.01,2573.93,99214
CLM-00305-3,ENC-00305,PRV-0039,2025-07-26,241.97,275.59,80053
CLM-00306-1,ENC-00306,PRV-0018,2025-07-27,2170.91,3066.54,27447
CLM-00307-1,ENC-00307,PRV-0002,2025-07-28,2613.29,1430.51,27447
CLM-00307-2,ENC-00307,PRV-0012,2025-07-28,276.92,1461.67,99213
CLM-00308-1,ENC-00308,PRV-0017,2025-07-29,3763.94,3059.13,99213
CLM-00308-2,ENC-00308,PRV-0021,2025-07-29,2278.35,3456.59,99213
CLM-00308-3,ENC-00308,PRV-0027,2025-07-29,2475.17,2539.99,27447
CLM-00309-1,ENC-00309,PRV-0014,2025-07-30,613.5,2689.82,99213
CLM-00310-1,ENC-00310,PRV-0035,2025-07-31,2736.59,3033.29,99214
CLM-00310-2,ENC-00310,PRV-0039,2025-07-31,2321.15,820.41,80053
CLM-00311-1,ENC-00311,PRV-0036,2025-08-01,3910.67,1597.0,27447
CLM-00311-2,ENC-00311,PRV-0024,2025-08-01,2117.12,3294.47,99214
CLM-00312-1,,PRV-0001,2025-08-02,2254.62,367.27,27447
CLM-00312-2,ENC-00312,PRV-0010,2025-08-02,3958.62,814.02,99213
CLM-00314-1,ENC-00314,PRV-0017,2025-08-04,3762.0,1292.32,99214
CLM-00316-1,ENC-00316,PRV-0014,2025-08-06,2562.7,1217.91,93000
CLM-00316-2,ENC-00316,PRV-0030,2025-08-06,887.77,2768.57,99213
CLM-00316-3,ENC-00316,PRV-0007,2025-08-06,2657.11,73.72,93000
CLM-00317-1,ENC-00317,PRV-0027,2025-08-07,3632.73,1326.97,99214
CLM-00317-2,ENC-00317,PRV-0002,2025-08-07,1045.12,932.88,93000
CLM-00317-3,ENC-00317,PRV-0016,2025-08-07,963.95,727.15,93000
CLM-00318-1,ENC-00318,PRV-0037,2025-08-08,3173.78,1681.25,27447
CLM-00320-1,ENC-00320,PRV-0011,2025-07-01,1313.08,2143.69,93000
CLM-00321-1,ENC-00321,PRV-0003,2025-07-02,3130.27,3024.45,99214
CLM-00321-2,ENC-00321,PRV-0028,2025-07-02,3462.67,3481.98,27447
CLM-00323-1,ENC-00323,PRV-0007,2025-07-04,3017.65,1636.39,93000
CLM-00323-2,ENC-00323,PRV-0006,2025-07-04,1686.1,2254.72,93000
CLM-00324-1,,PRV-0003,2025-07-05,2361.83,720.8,99213
CLM-00324-2,ENC-00324,PRV-0003,2025-07-05,582.59,2091.23,80053
CLM-00327-1,ENC-00327,PRV-0001,2025-07-08,756.98,2405.16,99214
CLM-00327-2,ENC-00327,PRV-0035,2025-07-08,2027.88,411.02,27447
CLM-00327-3,ENC-00327,PRV-0032,2025-07-08,3831.1,289.1,99214
CLM-00328-1,ENC-00328,PRV-0001,2025-07-09,1095.36,259.84,99213
CLM-00329-1,ENC-00329,PRV-0036,2025-07-10,3810.11,949.88,27447
CLM-00329-2,ENC-00329,PRV-0003,2025-07-10,2629.8,1913.01,80053
CLM-00329-3,ENC-00329,PRV-0022,2025-07-10,2776.64,3438.62,27447
CLM-00330-1,ENC-00330,PRV-0025,2025-07-11,3893.1,1367.03,93000
CLM-00330-2,ENC-00330,PRV-0027,2025-07-11,3224.83,3145.38,99213
CLM-00330-3,ENC-00330,PRV-0016,2025-07-11,2450.93,3243.47,27447
CLM-00332-1,ENC-00332,PRV-0036,2025-07-13,1331.27,2268.86,80053
CLM-00332-2,ENC-00332,PRV-0021,2025-07-13,1849.2,2030.42,93000
CLM-00332-3,ENC-00332,PRV-0031,2025-07-13,2065.01,2081.18,93000
CLM-00334-1,ENC-00334,PRV-0005,2025-07-15,2534.16,1909.88,99214
CLM-00334-2,ENC-00334,PRV-0040,2025-07-15,3073.29,932.73,93000
CLM-00335-1,ENC-00335,PRV-0037,2025-07-16,923.83,514.47,80053
CLM-00335-2,ENC-00335,PRV-0024,2025-07-16,2119.53,1855.61,27447
CLM-00335-3,ENC-00335,PRV-0016,2025-07-16,2711.05,550.55,93000
CLM-00336-1,,PRV-0003,2025-07-17,1321.75,1278.93,93000
CLM-00337-1,ENC-00337,PRV-0025,2025-07-18,456.07,1261.13,80053
CLM-00337-2,ENC-00337,PRV-0034,2025-07-18,1244.48,2324.59,27447
CLM-00339-1,ENC-00339,PRV-0001,2025-07-20,2736.71,1296.9,80053
CLM-00340-1,ENC-00340,PRV-0025,2025-07-21,1048.82,1955.58,99213
CLM-00340-2,ENC-00340,PRV-0037,2025-07-21,1075.69,2075.26,27447
CLM-00341-1,ENC-00341,PRV-0016,2025-07-22,1098.35,1544.48,80053
CLM-00341-2,ENC-00341,PRV-0032,2025-07-22,3442.62,721.86,93000
CLM-00342-1,ENC-00342,PRV-0025,2025-07-23,1500.34,2499.63,27447
CLM-00342-2,ENC-00342,PRV-0027,2025-07-23,1752.32,2133.89,27447
CLM-00342-3,ENC-00342,PRV-0023,2025-07-23,992.57,2976.95,99214
CLM-00343-1,ENC-00343,PRV-0022,2025-07-24,3447.71,298.19,93000
CLM-00344-1,ENC-00344,PRV-0032,2025-07-25,3746.2,2257.62,99213
CLM-00344-2,ENC-00344,PRV-0007,2025-07-25,2391.47,1629.64,93000
CLM-00344-3,ENC-00344,PRV-0028,2025-07-25,1688.83,1668.14,99213
CLM-00345-1,ENC-00345,PRV-0033,2025-07-26,3023.56,53.1,99214
CLM-00347-1,ENC-00347,PRV-0030,2025-07-28,516.57,788.07,99213
CLM-00347-2,ENC-00347,PRV-0037,2025-07-28,3279.05,373.94,99213
CLM-00347-3,ENC-00347,PRV-0014,2025-07-28,2279.43,211.42,99214
CLM-00348-1,,PRV-0031,2025-07-29,3458.84,1935.31,93000
CLM-00348-2,ENC-00348,PRV-0038,2025-07-29,603.87,1436.18,99213
CLM-00349-1,ENC-00349,PRV-0034,2025-07-30,3929.81,667.79,80053
CLM-00351-1,ENC-00351,PRV-0036,2025-08-01,1609.39,3102.58,99213
CLM-00351-2,ENC-00351,PRV-0020,2025-08-01,1252.73,3036.38,93000
CLM-00352-1,ENC-00352,PRV-0009,2025-08-02,255.82,1888.23,27447
CLM-00353-1,ENC-00353,PRV-0024,2025-08-03,3725.32,1209.31,93000
CLM-00355-1,ENC-00355,PRV-0015,2025-08-05,3194.55,1034.54,99214
CLM-00355-2,ENC-00355,PRV-0038,2025-08-05,2462.37,1432.9,93000
CLM-00356-1,ENC-00356,PRV-0028,2025-08-06,3439.59,453.13,99214
CLM-00358-1,ENC-00358,PRV-0014,2025-08-08,2161.07,573.16,99214
CLM-00358-2,ENC-00358,PRV-0034,2025-08-08,448.41,351.42,99213
CLM-00359-1,ENC-00359,PRV-0029,2025-08-09,2759.36,558.83,99213
CLM-00359-2,ENC-00359,PRV-0009,2025-08-09,214.94,2929.72,27447
CLM-00360-1,,PRV-0038,2025-07-01,3198.96,2480.16,99214
CLM-00361-1,ENC-00361,PRV-0010,2025-07-02,3784.95,2335.53,99214
CLM-00362-1,ENC-00362,PRV-0010,2025-07-03,2581.09,797.31,80053
CLM-00362-2,ENC-00362,PRV-0006,2025-07-03,832.72,538.25,99214
CLM-00362-3,ENC-00362,PRV-0028,2025-07-03,1366.07,1416.78,99213
CLM-00365-1,ENC-00365,PRV-0018,2025-07-06,3462.77,2100.26,80053
CLM-00365-2,ENC-00365,PRV-0006,2025-07-06,845.23,1657.19,99214
CLM-00365-3,ENC-00365,PRV-0038,2025-07-06,3702.2,132.77,80053
CLM-00366-1,ENC-00366,PRV-0010,2025-07-07,2643.3,194.19,27447
CLM-00367-1,ENC-00367,PRV-0022,2025-07-08,2982.29,642.42,27447
CLM-00371-1,ENC-00371,PRV-0005,2025-07-12,1530.12,2327.74,99214
CLM-00371-2,ENC-00371,PRV-0024,2025-07-12,720.31,3296.58,27447
CLM-00373-1,ENC-00373,PRV-0007,2025-07-14,470.82,850.74,99214
CLM-00373-2,ENC-00373,PRV-0032,2025-07-14,1118.35,1902.84,27447
CLM-00375-1,ENC-00375,PRV-0019,2025-07-16,1644.69,728.03,99214
CLM-00376-1,ENC-00376,PRV-0007,2025-07-17,109.69,3302.73,93000
CLM-00377-1,ENC-00377,PRV-0010,2025-07-18,3372.24,3493.59,93000
CLM-00378-1,ENC-00378,PRV-0037,2025-07-19,3567.49,313.45,80053
CLM-00378-2,ENC-00378,PRV-0014,2025-07-19,973.98,2091.62,80053
CLM-00379-1,ENC-00379,PRV-0007,2025-07-20,212.83,2171.5,99214
CLM-00379-2,ENC-00379,PRV-0020,2025-07-20,1401.18,2840.72,93000
CLM-00380-1,ENC-00380,PRV-0027,2025-07-21,177.34,2764.37,99214
CLM-00380-2,ENC-00380,PRV-0033,2025-07-21,2731.28,546.3,27447
CLM-00380-3,ENC-00380,PRV-0009,2025-07-21,854.77,3238.65,27447
CLM-00383-1,ENC-00383,PRV-0027,2025-07-24,414.93,2516.71,27447
CLM-00383-2,ENC-00383,PRV-0038,2025-07-24,690.8,3380.81,93000
CLM-00384-1,,PRV-0017,2025-07-25,3322.29,3281.22,99213
CLM-00385-1,ENC-00385,PRV-0033,2025-07-26,1230.94,3364.06,80053
CLM-00385-2,ENC-00385,PRV-0008,2025-07-26,318.73,2745.38,27447
CLM-00385-3,ENC-00385,PRV-0015,2025-07-26,998.42,2064.94,80053
CLM-00387-1,ENC-00387,PRV-0026,2025-07-28,3795.06,814.65,27447
CLM-00387-2,ENC-00387,PRV-0039,2025-07-28,3621.33,1504.54,27447
CLM-00387-3,ENC-00387,PRV-0001,2025-07-28,1236.86,2121.33,99213
CLM-00388-1,ENC-00388,PRV-0030,2025-07-29,626.03,1918.01,99213
CLM-00388-2,ENC-00388,PRV-0023,2025-07-29,1605.79,1641.47,99213
CLM-00389-1,ENC-00389,PRV-0012,2025-07-30,2819.65,1558.27,80053
CLM-00389-2,ENC-00389,PRV-0016,2025-07-30,526.81,2396.67,99213
CLM-00390-1,ENC-00390,PRV-0022,2025-07-31,3832.94,1281.06,99214
CLM-00390-2,ENC-00390,PRV-0023,2025-07-31,3564.93,2143.64,93000
CLM-00391-1,ENC-00391,PRV-0011,2025-08-01,1594.2,51.52,99214
CLM-00392-1,ENC-00392,PRV-0023,2025-08-02,2721.16,3446.13,80053
CLM-00392-2,ENC-00392,PRV-0025,2025-08-02,583.38,2641.58,27447
CLM-00393-1,ENC-00393,PRV-0029,2025-08-03,1102.06,1049.5,27447
CLM-00393-2,ENC-00393,PRV-0025,2025-08-03,3754.37,2834.19,99213
CLM-00395-1,ENC-00395,PRV-0029,2025-08-05,1279.03,1803.45,99214
CLM-00395-2,ENC-00395,PRV-0039,2025-08-05,3011.78,142.17,27447
CLM-00395-3,ENC-00395,PRV-0031,2025-08-05,591.12,3336.35,27447
CLM-00396-1,,PRV-0013,2025-08-06,2370.81,2027.15,99213
CLM-00397-1,ENC-00397,PRV-0016,2025-08-07,1200.13,1914.12,93000
CLM-00397-2,ENC-00397,PRV-0036,2025-08-07,3913.7,2277.82,93000
CLM-00398-1,ENC-00398,PRV-0011,2025-08-08,3342.32,1745.25,99213
CLM-00398-2,ENC-00398,PRV-0035,2025-08-08,1421.62,506.8,80053
CLM-00399-1,ENC-00399,PRV-0020,2025-08-09,3634.97,2063.71,93000
CLM-00400-1,ENC-00400,PRV-0031,2025-07-01,829.54,1136.73,93000
CLM-00400-2,ENC-00400,PRV-0026,2025-07-01,478.29,925.53,93000
CLM-00401-1,ENC-00401,PRV-0008,2025-07-02,855.7,3182.54,93000
CLM-00401-2,ENC-00401,PRV-0033,2025-07-02,3356.58,2237.15,27447
CLM-00402-1,ENC-00402,PRV-0036,2025-07-03,3399.99,1452.8,99213
CLM-00402-2,ENC-00402,PRV-0018,2025-07-03,1596.99,2516.21,93000
CLM-00402-3,ENC-00402,PRV-0034,2025-07-03,3253.37,2982.92,99213
CLM-00404-1,ENC-00404,PRV-0017,2025-07-05,3922.92,3102.9,80053
CLM-00404-2,ENC-00404,PRV-0007,2025-07-05,3027.26,2379.67,93000
CLM-00405-1,ENC-00405,PRV-0008,2025-07-06,3109.71,1392.85,27447
CLM-00406-1,ENC-00406,PRV-0023,2025-07-07,3466.82,2498.32,99214
CLM-00406-2,ENC-00406,PRV-0035,2025-07-07,2955.86,1459.47,27447
CLM-00408-1,,PRV-0005,2025-07-09,2033.43,2984.73,99214
CLM-00408-2,ENC-00408,PRV-0037,2025-07-09,1758.59,764.5,27447
CLM-00408-3,ENC-00408,PRV-0009,2025-07-09,647.07,2356.99,99214
CLM-00410-1,ENC-00410,PRV-0040,2025-07-11,3590.24,2497.83,80053
CLM-00410-2,ENC-00410,PRV-0039,2025-07-11,3305.77,970.14,99214
CLM-00410-3,ENC-00410,PRV-0015,2025-07-11,1271.55,1271.9,80053
CLM-00413-1,ENC-00413,PRV-0033,2025-07-14,283.45,1571.04,80053
CLM-00413-2,ENC-00413,PRV-0039,2025-07-14,3239.13,157.83,93000
CLM-00414-1,ENC-00414,PRV-0022,2025-07-15,3860.64,1866.81,99214
CLM-00414-2,ENC-00414,PRV-0014,2025-07-15,2248.58,2875.25,27447
CLM-00415-1,ENC-00415,PRV-0002,2025-07-16,3252.57,952.84,27447
CLM-00417-1,ENC-00417,PRV-0015,2025-07-18,2683.51,3088.61,99213
CLM-00417-2,ENC-00417,PRV-0024,2025-07-18,3847.3,1166.4,27447
CLM-00417-3,ENC-00417,PRV-0005,2025-07-18,2585.01,2023.1,93000
CLM-00418-1,ENC-00418,PRV-0040,2025-07-19,800.16,1422.01,27447
CLM-00418-2,ENC-00418,PRV-0013,2025-07-19,351.98,3143.0,99213
CLM-00419-1,ENC-00419,PRV-0013,2025-07-20,2263.06,2460.27,27447
CLM-00419-2,ENC-00419,PRV-0002,2025-07-20,3683.78,2534.42,99213
CLM-00422-1,ENC-00422,PRV-0011,2025-07-23,2283.24,1118.56,27447
CLM-00422-2,ENC-00422,PRV-0020,2025-07-23,465.78,2592.99,27447
CLM-00424-1,ENC-00424,PRV-0031,2025-07-25,1969.78,307.94,27447
CLM-00424-2,ENC-00424,PRV-0021,2025-07-25,1931.16,2880.25,99214
CLM-00425-1,ENC-00425,PRV-0033,2025-07-26,1586.18,1251.28,99213
CLM-00425-2,ENC-00425,PRV-0013,2025-07-26,2855.35,3309.69,80053
CLM-00426-1,ENC-00426,PRV-0009,2025-07-27,596.36,406.73,80053
CLM-00426-2,ENC-00426,PRV-0035,2025-07-27,1546.68,51.75,99213
CLM-00426-3,ENC-00426,PRV-0030,2025-07-27,3132.46,729.78,80053
CLM-00427-1,ENC-00427,PRV-0040,2025-07-28,2260.36,1626.94,99214
CLM-00427-2,ENC-00427,PRV-0001,2025-07-28,1011.48,3172.17,93000
CLM-00428-1,ENC-00428,PRV-0013,2025-07-29,1788.15,2010.76,93000
CLM-00429-1,ENC-00429,PRV-0026,2025-07-30,2625.02,3019.38,99214
CLM-00430-1,ENC-00430,PRV-0008,2025-07-31,3640.66,2104.77,99213
CLM-00431-1,ENC-00431,PRV-0037,2025-08-01,3162.81,2886.9,99213
CLM-00431-2,ENC-00431,PRV-0016,2025-08-01,420.5,3417.0,99213
CLM-00431-3,ENC-00431,PRV-0003,2025-08-01,1892.81,1418.9,99214
CLM-00433-1,ENC-00433,PRV-0030,2025-08-03,121.98,2654.78,99213
CLM-00434-1,ENC-00434,PRV-0040,2025-08-04,2072.9,388.17,93000
CLM-00437-1,ENC-00437,PRV-0001,2025-08-07,2261.6,745.7,99214
CLM-00437-2,ENC-00437,PRV-0033,2025-08-07,3255.63,1613.79,99213
CLM-00437-3,ENC-00437,PRV-0014,2025-08-07,2703.33,3441.9,80053
CLM-00438-1,ENC-00438,PRV-0007,2025-08-08,396.97,851.48,99213
CLM-00438-2,ENC-00438,PRV-0006,2025-08-08,1501.97,1073.48,27447
CLM-00439-1,ENC-00439,PRV-0013,2025-08-09,77.43,280.98,99213
CLM-00439-2,ENC-00439,PRV-0039,2025-08-09,894.83,1361.1,93000
CLM-00442-1,ENC-00442,PRV-0009,2025-07-03,1047.95,1065.86,27447
CLM-00442-2,ENC-00442,PRV-0002,2025-07-03,1331.44,349.62,93000
CLM-00443-1,ENC-00443,PRV-0018,2025-07-04,3224.31,65.8,80053
CLM-00443-2,ENC-00443,PRV-0002,2025-07-04,1395.82,1913.02,27447
CLM-00444-1,,PRV-0001,2025-07-05,3093.15,2716.87,27447
CLM-00444-2,ENC-00444,PRV-0006,2025-07-05,2151.47,384.89,27447
CLM-00446-1,ENC-00446,PRV-0014,2025-07-07,2147.13,2281.79,80053
CLM-00449-1,ENC-00449,PRV-0040,2025-07-10,1780.07,2410.34,27447
CLM-00450-1,ENC-00450,PRV-0002,2025-07-11,412.46,3034.52,27447
CLM-00450-2,ENC-00450,PRV-0040,2025-07-11,3859.03,2258.66,80053
CLM-00455-1,ENC-00455,PRV-0012,2025-07-16,3604.59,907.19,93000
CLM-00455-2,ENC-00455,PRV-0027,2025-07-16,2802.25,622.8,99213
CLM-00455-3,ENC-00455,PRV-0030,2025-07-16,1402.27,2916.36,99213
CLM-00456-1,,PRV-0015,2025-07-17,470.97,746.87,27447
CLM-00456-2,ENC-00456,PRV-0022,2025-07-17,1146.71,54.12,99214
CLM-00456-3,ENC-00456,PRV-0005,2025-07-17,3624.3,569.96,80053
CLM-00459-1,ENC-00459,PRV-0004,2025-07-20,305.96,71.57,99214
CLM-00460-1,ENC-00460,PRV-0009,2025-07-21,1509.04,2585.38,27447
CLM-00462-1,ENC-00462,PRV-0002,2025-07-23,934.73,694.87,99214
CLM-00462-2,ENC-00462,PRV-0025,2025-07-23,3419.89,858.25,93000
CLM-00462-3,ENC-00462,PRV-0017,2025-07-23,3485.16,195.99,93000
CLM-00465-1,ENC-00465,PRV-0006,2025-07-26,1648.54,1707.67,99214
CLM-00465-2,ENC-00465,PRV-0015,2025-07-26,1732.02,231.29,99214
CLM-00465-3,ENC-00465,PRV-0005,2025-07-26,1101.06,1564.83,99214
CLM-00466-1,ENC-00466,PRV-0031,2025-07-27,2989.68,1978.79,93000
CLM-00468-1,,PRV-0034,2025-07-29,724.06,3029.03,99214
CLM-00469-1,ENC-00469,PRV-0030,2025-07-30,3700.17,1624.05,99214
CLM-00469-2,ENC-00469,PRV-0005,2025-07-30,3236.6,2215.87,99213
CLM-00471-1,ENC-00471,PRV-0012,2025-08-01,2062.67,2203.87,80053
CLM-00471-2,ENC-00471,PRV-0002,2025-08-01,2592.08,2410.46,99213
CLM-00472-1,ENC-00472,PRV-0024,2025-08-02,622.89,2816.65,27447
CLM-00473-1,ENC-00473,PRV-0002,2025-08-03,2411.93,3157.53,99213
CLM-00474-1,ENC-00474,PRV-0029,2025-08-04,3903.04,2940.64,27447
CLM-00474-2,ENC-00474,PRV-0021,2025-08-04,2354.05,3289.26,93000
CLM-00475-1,ENC-00475,PRV-0031,2025-08-05,970.75,1680.14,80053
CLM-00475-2,ENC-00475,PRV-0032,2025-08-05,2706.74,758.7,99214
CLM-00476-1,ENC-00476,PRV-0030,2025-08-06,1120.37,3412.78,27447
CLM-00476-2,ENC-00476,PRV-0003,2025-08-06,1657.57,1214.21,99213
CLM-00478-1,ENC-00478,PRV-0031,2025-08-08,2269.4,2496.83,99214
CLM-00478-2,ENC-00478,PRV-0017,2025-08-08,999.74,439.46,93000
CLM-00478-3,ENC-00478,PRV-0010,2025-08-08,3645.95,3494.7,99214
CLM-00479-1,ENC-00479,PRV-0028,2025-08-09,711.63,2057.85,93000
CLM-00480-1,,PRV-0017,2025-07-01,3559.08,2322.73,99214
CLM-00480-2,ENC-00480,PRV-0018,2025-07-01,3872.64,2497.98,99213
CLM-00480-3,ENC-00480,PRV-0004,2025-07-01,1770.54,2872.21,99213
CLM-00481-1,ENC-00481,PRV-0009,2025-07-02,1709.34,1862.25,27447
CLM-00482-1,ENC-00482,PRV-0032,2025-07-03,2649.58,2060.3,27447
CLM-00484-1,ENC-00484,PRV-0016,2025-07-05,1677.56,3347.93,27447
CLM-00484-2,ENC-00484,PRV-0005,2025-07-05,2819.11,218.64,93000
CLM-00485-1,ENC-00485,PRV-0031,2025-07-06,1393.12,2667.52,99214
CLM-00485-2,ENC-00485,PRV-0030,2025-07-06,3836.03,2754.2,99214
CLM-00485-3,ENC-00485,PRV-0028,2025-07-06,401.35,3398.96,80053
CLM-00486-1,ENC-00486,PRV-0024,2025-07-07,2954.31,1271.68,93000
CLM-00487-1,ENC-00487,PRV-0018,2025-07-08,496.73,1794.4,93000
CLM-00488-1,ENC-00488,PRV-0022,2025-07-09,2328.99,1257.77,93000
CLM-00488-2,ENC-00488,PRV-0021,2025-07-09,742.9,1696.33,99213
CLM-00488-3,ENC-00488,PRV-0011,2025-07-09,1606.41,427.66,27447
CLM-00489-1,ENC-00489,PRV-0024,2025-07-10,3076.46,1066.94,27447
CLM-00490-1,ENC-00490,PRV-0038,2025-07-11,230.24,3141.85,80053
CLM-00490-2,ENC-00490,PRV-0035,2025-07-11,1678.42,1971.09,99213
CLM-00490-3,ENC-00490,PRV-0005,2025-07-11,3203.67,2933.08,99213
CLM-00491-1,ENC-00491,PRV-0012,2025-07-12,1097.28,2494.63,99214
CLM-00494-1,ENC-00494,PRV-0005,2025-07-15,2113.18,1134.15,93000
CLM-00494-2,ENC-00494,PRV-0031,2025-07-15,3505.31,1178.89,99213
CLM-00496-1,ENC-00496,PRV-0022,2025-07-17,1399.71,1731.43,99214
CLM-00497-1,ENC-00497,PRV-0019,2025-07-18,2882.19,818.36,99213
CLM-00497-2,ENC-00497,PRV-0031,2025-07-18,422.13,2060.03,99214
CLM-00497-3,ENC-00497,PRV-0029,2025-07-18,3225.85,2773.62,99214
CLM-00498-1,ENC-00498,PRV-0009,2025-07-19,101.94,3268.89,99214
CLM-00498-2,ENC-00498,PRV-0007,2025-07-19,3367.78,1611.45,27447
CLM-00498-3,ENC-00498,PRV-0033,2025-07-19,1722.73,1875.37,99213
CLM-00499-1,ENC-00499,PRV-0033,2025-07-20,1198.68,2246.48,93000
CLM-00500-1,ENC-00500,PRV-0017,2025-07-21,568.35,235.83,93000
CLM-00500-2,ENC-00500,PRV-0022,2025-07-21,3316.62,2512.65,27447
